					Tag Details
Studbook	Year	Vinyl Tag ID	Tag Color	Shapes/Patterns on tag	L-tag color	R- tag color	L-wing transmitter	R-wing transmitter	Data source	Notes	Bio data compiled?	Notes2
21	2008	21	White	None	White	No tag	None	None	Socal		Yes
21	2009	21	Orange	None	Orange	No tag	GPS	None	Socal		Yes
21	2010	21	Orange	None	No tag	Orange	None	GPS	Socal		Yes
21	2011	21	Orange	None	No tag	Orange	None	GPS	Socal		Yes
21	2012	21	Orange	None	No tag	Orange	None	GPS	Socal		Yes
21	2013	21	Orange	None	No tag	Orange	None	GPS	Socal		Yes
63	2011	63	Orange	None	No tag	Orange	None	GPS	Socal		Yes
63	2012	63	Orange	None	No tag	Orange	None	GPS	Socal		Yes
63	2013	63	Orange	None	No tag	Orange	None	GPS	Socal		Yes
79	2008	79	Black	None	Black	No tag	GPS	None	Socal		Yes
79	2009	79	Orange	None	Orange	No tag	GPS	None	Socal		Yes
79	2010	79	Orange	None	Orange	No tag	GPS	None	Socal		Yes
79	2011	79	Orange	None	Orange	No tag	GPS	None	Socal		Yes
79	2012	79	Orange	None	Orange	No tag	GPS	None	Socal		Yes
79	2013	79	Orange	None	Orange	No tag	GPS	None	Socal		Yes
98	2008	98	Orange	None	No tag	Orange	None	None	Socal		Yes
98	2009	98	Orange	None	Orange	No tag	None	GPS	Socal		Yes
98	2010	98	Orange	None	No tag	Orange	None	GPS	Socal		Yes
98	2011	98	Orange	None	No tag	Orange	None	GPS	Socal		Yes
98	2012	98	Orange	None	No tag	Orange	None	GPS	Socal		Yes
98	2013	98	Orange	None	No tag	Orange	None	GPS	Socal		Yes
107	2008	7	Red	1 dot	Red	Red	GPS	None	Socal		Yes
107	2009	7	Red	None	Red	Red	GPS	None	Socal		Yes
107	2010	7	Red	None	Red	Red	GPS	None	Socal		Yes
107	2011	7	Red	None	Red	No tag	GPS	None	Socal		Yes
107	2012	7	Red	None	Red	No tag	GPS	None	Socal		Yes
107	2013	7	Red	None	Red	No tag	GPS	None	Socal		Yes
111	2008	11	Red	1 dot	No tag	Red	None	None	Socal		Yes
111	2009	11	Red	None	No tag	Red	None	None	Socal		Yes
111	2010	11	Red	None	Red	Red	None	None	Socal		Yes
111	2011	11	Red	None	Red	No tag	None	None	Socal		Yes
111	2012	11	Red	None	Red	No tag	None	None	Socal		Yes
111	2013	11	Red	None	Red	No tag	None	None	Socal		Yes
112	2009	12	Black	1 dot	Black	Black	NA	NA	PNP	Forays possible so listed in both sites	Yes
112	2009	12	Black	1 dot	Black	Black	NA	NA	Socal	Forays possible so listed in both sites	Yes
112	2010	12	Red	None	No tag	Red	None	GPS	PNP	Forays possible so listed in both sites	Yes
112	2010	12	Red	None	No tag	Red	None	GPS	Socal	Forays possible so listed in both sites	Yes
112	2011	12	Red	None	No tag	Red	None	GPS	PNP	Forays possible so listed in both sites	Yes
112	2011	12	Red	None	No tag	Red	None	GPS	Socal	Forays possible so listed in both sites	Yes
125	2008	25	Yellow	1 dot	No tag	Yellow	None	Sat	Socal		Yes
125	2009	25	Red	None	No tag	Red	None	None	Socal		Yes
125	2010	25	Red	None	No tag	Red	None	None	Socal		Yes
125	2011	25	Red	None	No tag	Red	None	None	Socal		Yes
125	2012	25	Red	None	No tag	Red	None	None	Socal		Yes
125	2013	25	Red	None	No tag	Red	None	None	Socal		Yes
137	2012	37	Red	None	No tag	Red	None	GPS	Socal		Yes
147	2012	47	Red	None	No tag	Red	None	GPS	Socal		Yes
147	2013	47	Red	None	No tag	Red	GPS	None	Socal		Yes
156	2008	56	Green	1 dot	No tag	Green	None	GPS	Socal		Yes
156	2009	56	Black	1 dot	NA	NA	None	NA	Socal		Yes
156	2010	56	Red	None	Red	Red	None	GPS	Socal		Yes
156	2011	56	Orange	None	No tag	Orange	None	None	Socal		Yes
156	2012	56	Red	None	No tag	Red	None	GPS	Socal		Yes
156	2013	56	Red	None	No tag	Red	None	GPS	Socal		Yes
161	2008	61	Blue	1 dot	Blue	Blue	GPS	None	Socal	Mostly Socal bird, forays to north possible, so listed at both sites	Yes
161	2008	61	Blue	1 dot	Blue	Blue	GPS	None	VWS	Mostly Socal bird, forays to north possible, so listed at both sites	Yes
161	2009	61	Red	None	Red	No tag	GPS	None	Socal	Mostly Socal bird, forays to north possible, so listed at both sites	Yes
161	2009	61	Red	None	Red	No tag	GPS	None	VWS	Mostly Socal bird, forays to north possible, so listed at both sites	Yes
161	2010	61	Red	None	No tag	No tag	None	None	Socal	Mostly Socal bird, forays to north possible, so listed at both sites	Yes
161	2010	61	Red	None	No tag	No tag	None	None	VWS	Mostly Socal bird, forays to north possible, so listed at both sites	Yes
161	2011	61	Red	None	No tag	Red	None	GPS	Socal	Mostly Socal bird, forays to north possible, so listed at both sites	Yes
161	2011	61	Red	None	No tag	Red	None	GPS	VWS	Mostly Socal bird, forays to north possible, so listed at both sites	Yes
161	2012	61	Red	None	No tag	Red	None	GPS	Socal	Mostly Socal bird, forays to north possible, so listed at both sites	Yes
161	2012	61	Red	None	No tag	Red	None	GPS	VWS	Mostly Socal bird, forays to north possible, so listed at both sites	Yes
161	2013	61	Red	None	No tag	No tag	None	None	Socal	Mostly Socal bird, forays to north possible, so listed at both sites	Yes
161	2013	61	Red	None	No tag	No tag	None	None	VWS	Mostly Socal bird, forays to north possible, so listed at both sites	Yes
167	2006	67	Black	1 dot	NA	NA	NA	NA	Socal	Mostly VWS bird but rare forays to Socal possible so listed in both 	Yes
167	2006	67	Black	1 dot	NA	NA	NA	NA	VWS	Mostly VWS bird but rare forays to Socal possible so listed in both 	Yes
167	2007	67	Black	1 dot	NA	NA	NA	NA	Socal	Mostly VWS bird but rare forays to Socal possible so listed in both 	Yes
167	2007	67	Black	1 dot	NA	NA	NA	NA	VWS	Mostly VWS bird but rare forays to Socal possible so listed in both 	Yes
167	2008	67	Black	1 dot	NA	NA	NA	NA	Socal	Mostly VWS bird but rare forays to Socal possible so listed in both 	Yes
167	2008	67	Black	1 dot	NA	NA	NA	NA	VWS	Mostly VWS bird but rare forays to Socal possible so listed in both 	Yes
167	2009	67	Black	1 dot	NA	NA	NA	NA	Socal	Mostly VWS bird but rare forays to Socal possible so listed in both 	Yes
167	2009	67	Black	1 dot	NA	NA	NA	NA	VWS	Mostly VWS bird but rare forays to Socal possible so listed in both 	Yes
167	2010	67	Red	None	No tag	Red	NA	NA	Socal	Mostly VWS bird but rare forays to Socal possible so listed in both 	Yes
167	2010	67	Red	None	No tag	Red	NA	NA	VWS	Mostly VWS bird but rare forays to Socal possible so listed in both 	Yes
167	2011	67	Red	None	No tag	Red	NA	NA	Socal	Mostly VWS bird but rare forays to Socal possible so listed in both 	Yes
167	2011	67	Red	None	No tag	Red	NA	NA	VWS	Mostly VWS bird but rare forays to Socal possible so listed in both 	Yes
167	2012	67	Red	None	No tag	Red	NA	NA	Socal	Mostly VWS bird but rare forays to Socal possible so listed in both 	Yes
167	2012	67	Red	None	No tag	Red	NA	NA	VWS	Mostly VWS bird but rare forays to Socal possible so listed in both 	Yes
167	2013	67	Red	None	No tag	Red	NA	NA	Socal	Mostly VWS bird but rare forays to Socal possible so listed in both 	Yes
167	2013	67	Red	None	No tag	Red	NA	NA	VWS	Mostly VWS bird but rare forays to Socal possible so listed in both 	Yes
168	2006	68	Black	1 dot	NA	NA	NA	NA	Socal	Mostly VWS bird but rare forays to Socal possible so listed in both 	Yes
168	2006	68	Black	1 dot	NA	NA	NA	NA	VWS	Mostly VWS bird but rare forays to Socal possible so listed in both 	Yes
168	2007	68	Black	1 dot	NA	NA	NA	NA	Socal	Mostly VWS bird but rare forays to Socal possible so listed in both 	Yes
168	2007	68	Black	1 dot	NA	NA	NA	NA	VWS	Mostly VWS bird but rare forays to Socal possible so listed in both 	Yes
168	2008	68	Black	1 dot	NA	NA	NA	NA	Socal	Mostly VWS bird but rare forays to Socal possible so listed in both 	Yes
168	2008	68	Black	1 dot	NA	NA	NA	NA	VWS	Mostly VWS bird but rare forays to Socal possible so listed in both 	Yes
168	2009	68	Black	1 dot	NA	NA	NA	NA	Socal	Mostly VWS bird but rare forays to Socal possible so listed in both 	Yes
168	2009	68	Black	1 dot	NA	NA	NA	NA	VWS	Mostly VWS bird but rare forays to Socal possible so listed in both 	Yes
168	2010	68	Red	1 dot	Red	No tag	NA	NA	Socal	Mostly VWS bird but rare forays to Socal possible so listed in both 	Yes
168	2010	68	Red	1 dot	Red	No tag	NA	NA	VWS	Mostly VWS bird but rare forays to Socal possible so listed in both 	Yes
168	2011	68	Red	1 dot	Red	No tag	NA	NA	Socal	Mostly VWS bird but rare forays to Socal possible so listed in both 	Yes
168	2011	68	Red	1 dot	Red	No tag	NA	NA	VWS	Mostly VWS bird but rare forays to Socal possible so listed in both 	Yes
168	2012	68	Red	1 dot	Red	No tag	NA	NA	Socal	Mostly VWS bird but rare forays to Socal possible so listed in both 	Yes
168	2012	68	Red	1 dot	Red	No tag	NA	NA	VWS	Mostly VWS bird but rare forays to Socal possible so listed in both 	Yes
168	2013	68	Red	1 dot	Red	No tag	NA	NA	Socal	Mostly VWS bird but rare forays to Socal possible so listed in both 	Yes
168	2013	68	Red	1 dot	Red	No tag	NA	NA	VWS	Mostly VWS bird but rare forays to Socal possible so listed in both 	Yes
171	2006	71	Black	1 dot	NA	NA	NA	NA	Socal	Mostly VWS bird but rare forays to Socal possible so listed in both 	Yes
171	2006	71	Black	1 dot	NA	NA	NA	NA	VWS	Mostly VWS bird but rare forays to Socal possible so listed in both 	Yes
171	2007	71	Black	1 dot	NA	NA	NA	NA	Socal	Mostly VWS bird but rare forays to Socal possible so listed in both 	Yes
171	2007	71	Black	1 dot	NA	NA	NA	NA	VWS	Mostly VWS bird but rare forays to Socal possible so listed in both 	Yes
171	2008	71	Black	1 dot	NA	NA	NA	NA	Socal	Mostly VWS bird but rare forays to Socal possible so listed in both 	Yes
171	2008	71	Black	1 dot	NA	NA	NA	NA	VWS	Mostly VWS bird but rare forays to Socal possible so listed in both 	Yes
171	2009	71	Black	1 dot	NA	NA	NA	NA	Socal	Mostly VWS bird but rare forays to Socal possible so listed in both 	Yes
171	2009	71	Black	1 dot	NA	NA	NA	NA	VWS	Mostly VWS bird but rare forays to Socal possible so listed in both 	Yes
171	2010	71	Red	None	NA	NA	NA	NA	Socal	Mostly VWS bird but rare forays to Socal possible so listed in both 	Yes
171	2010	71	Red	None	NA	NA	NA	NA	VWS	Mostly VWS bird but rare forays to Socal possible so listed in both 	Yes
171	2011	71	Red	None	NA	NA	NA	NA	Socal	Mostly VWS bird but rare forays to Socal possible so listed in both 	Yes
171	2011	71	Red	None	NA	NA	NA	NA	VWS	Mostly VWS bird but rare forays to Socal possible so listed in both 	Yes
171	2012	71	Red	None	NA	NA	NA	NA	Socal	Mostly VWS bird but rare forays to Socal possible so listed in both 	Yes
171	2012	71	Red	None	NA	NA	NA	NA	VWS	Mostly VWS bird but rare forays to Socal possible so listed in both 	Yes
171	2013	71	Red	None	NA	NA	NA	NA	Socal	Mostly VWS bird but rare forays to Socal possible so listed in both 	Yes
171	2013	71	Red	None	NA	NA	NA	NA	VWS	Mostly VWS bird but rare forays to Socal possible so listed in both 	Yes
180	2006	80	Red	None	Red	No tag	GPS	None	Socal	Mostly Socal bird, forays to north possible, so listed at both sites	Yes
180	2006	80	Red	None	Red	No tag	GPS	None	VWS	Mostly Socal bird, forays to north possible, so listed at both sites	Yes
180	2007	80	Red	None	Red	No tag	GPS	None	Socal	Mostly Socal bird, forays to north possible, so listed at both sites	Yes
180	2007	80	Red	None	Red	No tag	GPS	None	VWS	Mostly Socal bird, forays to north possible, so listed at both sites	Yes
180	2008	80	Red	None	Red	No tag	GPS	None	Socal	Mostly Socal bird, forays to north possible, so listed at both sites	Yes
180	2008	80	Red	None	Red	No tag	GPS	None	VWS	Mostly Socal bird, forays to north possible, so listed at both sites	Yes
180	2009	80	Red	None	Red	No tag	GPS	None	Socal	Mostly Socal bird, forays to north possible, so listed at both sites	Yes
180	2009	80	Red	None	Red	No tag	GPS	None	VWS	Mostly Socal bird, forays to north possible, so listed at both sites	Yes
180	2010	80	Red	None	Red	No tag	GPS	None	Socal	Mostly Socal bird, forays to north possible, so listed at both sites	Yes
180	2010	80	Red	None	Red	No tag	GPS	None	VWS	Mostly Socal bird, forays to north possible, so listed at both sites	Yes
180	2011	80	Red	None	Red	No tag	GPS	None	Socal	Mostly Socal bird, forays to north possible, so listed at both sites	Yes
180	2011	80	Red	None	Red	No tag	GPS	None	VWS	Mostly Socal bird, forays to north possible, so listed at both sites	Yes
180	2012	80	Red	None	Red	No tag	GPS	None	Socal	Mostly Socal bird, forays to north possible, so listed at both sites	Yes
180	2012	80	Red	None	Red	No tag	GPS	None	VWS	Mostly Socal bird, forays to north possible, so listed at both sites	Yes
180	2013	80	Red	None	Red	No tag	None	None	Socal	Mostly Socal bird, forays to north possible, so listed at both sites	Yes
180	2013	80	Red	None	Red	No tag	None	None	VWS	Mostly Socal bird, forays to north possible, so listed at both sites	Yes
190	2006	90	Black	1 dot	NA	NA	NA	NA	Socal	Mostly VWS bird but rare forays to Socal possible so listed in both 	Yes
190	2006	90	Black	1 dot	NA	NA	NA	NA	VWS	Mostly VWS bird but rare forays to Socal possible so listed in both 	Yes
190	2007	90	Black	1 dot	NA	NA	NA	NA	Socal	Mostly VWS bird but rare forays to Socal possible so listed in both 	Yes
190	2007	90	Black	1 dot	NA	NA	NA	NA	VWS	Mostly VWS bird but rare forays to Socal possible so listed in both 	Yes
190	2008	90	Black	1 dot	NA	NA	NA	NA	Socal	Mostly VWS bird but rare forays to Socal possible so listed in both 	Yes
190	2008	90	Black	1 dot	NA	NA	NA	NA	VWS	Mostly VWS bird but rare forays to Socal possible so listed in both 	Yes
190	2009	90	Black	1 dot	NA	NA	NA	NA	Socal	Mostly VWS bird but rare forays to Socal possible so listed in both 	Yes
190	2009	90	Black	1 dot	NA	NA	NA	NA	VWS	Mostly VWS bird but rare forays to Socal possible so listed in both 	Yes
190	2010	90	Red	None	Red	No tag	NA	NA	Socal	Mostly VWS bird but rare forays to Socal possible so listed in both 	Yes
190	2010	90	Red	None	Red	No tag	NA	NA	VWS	Mostly VWS bird but rare forays to Socal possible so listed in both 	Yes
190	2011	90	Red	None	Red	No tag	NA	NA	Socal	Mostly VWS bird but rare forays to Socal possible so listed in both 	Yes
190	2011	90	Red	None	Red	No tag	NA	NA	VWS	Mostly VWS bird but rare forays to Socal possible so listed in both 	Yes
190	2012	90	Red	None	Red	No tag	NA	NA	Socal	Mostly VWS bird but rare forays to Socal possible so listed in both 	Yes
190	2012	90	Red	None	Red	No tag	NA	NA	VWS	Mostly VWS bird but rare forays to Socal possible so listed in both 	Yes
190	2013	90	Red	None	Red	No tag	NA	NA	Socal	Mostly VWS bird but rare forays to Socal possible so listed in both 	Yes
190	2013	90	Red	None	Red	No tag	NA	NA	VWS	Mostly VWS bird but rare forays to Socal possible so listed in both 	Yes
192	2006	92	Yellow	1 dot	Yellow	Yellow	GPS	None	Socal	Mostly Socal bird, forays to north possible, so listed at both sites	Yes
192	2006	92	Yellow	1 dot	Yellow	Yellow	GPS	None	VWS	Mostly Socal bird, forays to north possible, so listed at both sites	Yes
192	2007	92	Yellow	1 dot	Yellow	Yellow	GPS	None	Socal	Mostly Socal bird, forays to north possible, so listed at both sites	Yes
192	2007	92	Yellow	1 dot	Yellow	Yellow	GPS	None	VWS	Mostly Socal bird, forays to north possible, so listed at both sites	Yes
192	2008	92	Yellow	1 dot	Yellow	Yellow	GPS	None	Socal	Mostly Socal bird, forays to north possible, so listed at both sites	Yes
192	2008	92	Yellow	1 dot	Yellow	Yellow	GPS	None	VWS	Mostly Socal bird, forays to north possible, so listed at both sites	Yes
192	2009	92	Red	None	Red	No tag	GPS	None	Socal	Mostly Socal bird, forays to north possible, so listed at both sites	Yes
192	2009	92	Red	None	Red	No tag	GPS	None	VWS	Mostly Socal bird, forays to north possible, so listed at both sites	Yes
192	2010	92	Red	None	Red	No tag	GPS	None	Socal	Mostly Socal bird, forays to north possible, so listed at both sites	Yes
192	2010	92	Red	None	Red	No tag	GPS	None	VWS	Mostly Socal bird, forays to north possible, so listed at both sites	Yes
192	2011	92	Red	None	Red	No tag	GPS	None	Socal	Mostly Socal bird, forays to north possible, so listed at both sites	Yes
192	2011	92	Red	None	Red	No tag	GPS	None	VWS	Mostly Socal bird, forays to north possible, so listed at both sites	Yes
192	2012	92	Red	None	Red	No tag	GPS	None	Socal	Mostly Socal bird, forays to north possible, so listed at both sites	Yes
192	2012	92	Red	None	Red	No tag	GPS	None	VWS	Mostly Socal bird, forays to north possible, so listed at both sites	Yes
192	2013	92	Red	None	Red	No tag	GPS	None	Socal	Mostly Socal bird, forays to north possible, so listed at both sites	Yes
192	2013	92	Red	None	Red	No tag	GPS	None	VWS	Mostly Socal bird, forays to north possible, so listed at both sites	Yes
194	2006	94	Black	1 dot	NA	NA	NA	NA	Socal	Mostly VWS bird but rare forays to Socal possible so listed in both 	Yes
194	2006	94	Black	1 dot	NA	NA	NA	NA	VWS	Mostly VWS bird but rare forays to Socal possible so listed in both 	Yes
194	2007	94	Black	1 dot	NA	NA	NA	NA	Socal	Mostly VWS bird but rare forays to Socal possible so listed in both 	Yes
194	2007	94	Black	1 dot	NA	NA	NA	NA	VWS	Mostly VWS bird but rare forays to Socal possible so listed in both 	Yes
194	2008	94	Black	1 dot	NA	NA	NA	NA	Socal	Mostly VWS bird but rare forays to Socal possible so listed in both 	Yes
194	2008	94	Black	1 dot	NA	NA	NA	NA	VWS	Mostly VWS bird but rare forays to Socal possible so listed in both 	Yes
194	2009	94	Black	1 dot	NA	NA	NA	NA	Socal	Mostly VWS bird but rare forays to Socal possible so listed in both 	Yes
194	2009	94	Black	1 dot	NA	NA	NA	NA	VWS	Mostly VWS bird but rare forays to Socal possible so listed in both 	Yes
194	2010	94	Red	None	Red	Red	NA	NA	Socal	Mostly VWS bird but rare forays to Socal possible so listed in both 	Yes
194	2010	94	Red	None	Red	Red	NA	NA	VWS	Mostly VWS bird but rare forays to Socal possible so listed in both 	Yes
194	2011	94	Red	None	Red	Red	NA	NA	Socal	Mostly VWS bird but rare forays to Socal possible so listed in both 	Yes
194	2011	94	Red	None	Red	Red	NA	NA	VWS	Mostly VWS bird but rare forays to Socal possible so listed in both 	Yes
194	2012	94	Red	None	Red	Red	NA	NA	Socal	Mostly VWS bird but rare forays to Socal possible so listed in both 	Yes
194	2012	94	Red	None	Red	Red	NA	NA	VWS	Mostly VWS bird but rare forays to Socal possible so listed in both 	Yes
194	2013	94	Red	None	Red	Red	NA	NA	Socal	Mostly VWS bird but rare forays to Socal possible so listed in both 	Yes
194	2013	94	Red	None	Red	Red	NA	NA	VWS	Mostly VWS bird but rare forays to Socal possible so listed in both 	Yes
199	2006	99	Black	1 dot	NA	NA	NA	NA	Socal	Mostly VWS bird but rare forays to Socal possible so listed in both 	Yes
199	2006	99	Black	1 dot	NA	NA	NA	NA	VWS	Mostly VWS bird but rare forays to Socal possible so listed in both 	Yes
199	2007	99	Black	1 dot	NA	NA	NA	NA	Socal	Mostly VWS bird but rare forays to Socal possible so listed in both 	Yes
199	2007	99	Black	1 dot	NA	NA	NA	NA	VWS	Mostly VWS bird but rare forays to Socal possible so listed in both 	Yes
199	2008	99	Black	1 dot	NA	NA	NA	NA	Socal	Mostly VWS bird but rare forays to Socal possible so listed in both 	Yes
199	2008	99	Black	1 dot	NA	NA	NA	NA	VWS	Mostly VWS bird but rare forays to Socal possible so listed in both 	Yes
199	2009	99	Black	1 dot	NA	NA	NA	NA	Socal	Mostly VWS bird but rare forays to Socal possible so listed in both 	Yes
199	2009	99	Black	1 dot	NA	NA	NA	NA	VWS	Mostly VWS bird but rare forays to Socal possible so listed in both 	Yes
199	2010	99	Red	None	Red	No tag	NA	NA	Socal	Mostly VWS bird but rare forays to Socal possible so listed in both 	Yes
199	2010	99	Red	None	Red	No tag	NA	NA	VWS	Mostly VWS bird but rare forays to Socal possible so listed in both 	Yes
199	2011	99	Red	None	Red	No tag	NA	NA	Socal	Mostly VWS bird but rare forays to Socal possible so listed in both 	Yes
199	2011	99	Red	None	Red	No tag	NA	NA	VWS	Mostly VWS bird but rare forays to Socal possible so listed in both 	Yes
199	2012	99	Red	None	Red	No tag	NA	NA	Socal	Mostly VWS bird but rare forays to Socal possible so listed in both 	Yes
199	2012	99	Red	None	Red	No tag	NA	NA	VWS	Mostly VWS bird but rare forays to Socal possible so listed in both 	Yes
199	2013	99	Red	None	Red	No tag	NA	NA	Socal	Mostly VWS bird but rare forays to Socal possible so listed in both 	Yes
199	2013	99	Red	None	Red	No tag	NA	NA	VWS	Mostly VWS bird but rare forays to Socal possible so listed in both 	Yes
204	2006	4	Black	2 dots	NA	NA	NA	NA	Socal	Mostly VWS bird but rare forays to Socal possible so listed in both 	Yes
204	2006	4	Black	2 dots	NA	NA	NA	NA	VWS	Mostly VWS bird but rare forays to Socal possible so listed in both 	Yes
204	2007	4	Black	2 dots	NA	NA	NA	NA	Socal	Mostly VWS bird but rare forays to Socal possible so listed in both 	Yes
204	2007	4	Black	2 dots	NA	NA	NA	NA	VWS	Mostly VWS bird but rare forays to Socal possible so listed in both 	Yes
204	2008	4	Black	2 dots	NA	NA	NA	NA	Socal	Mostly VWS bird but rare forays to Socal possible so listed in both 	Yes
204	2008	4	Black	2 dots	NA	NA	NA	NA	VWS	Mostly VWS bird but rare forays to Socal possible so listed in both 	Yes
204	2009	4	Black	2 dots	NA	NA	NA	NA	Socal	Mostly VWS bird but rare forays to Socal possible so listed in both 	Yes
204	2009	4	Black	2 dots	NA	NA	NA	NA	VWS	Mostly VWS bird but rare forays to Socal possible so listed in both 	Yes
204	2010	4	Yellow	None	Yellow	Yellow	NA	NA	Socal	Mostly VWS bird but rare forays to Socal possible so listed in both 	Yes
204	2010	4	Yellow	None	Yellow	Yellow	NA	NA	VWS	Mostly VWS bird but rare forays to Socal possible so listed in both 	Yes
204	2011	4	Yellow	None	Yellow	Yellow	NA	NA	Socal	Mostly VWS bird but rare forays to Socal possible so listed in both 	Yes
204	2011	4	Yellow	None	Yellow	Yellow	NA	NA	VWS	Mostly VWS bird but rare forays to Socal possible so listed in both 	Yes
204	2012	4	Yellow	None	Yellow	Yellow	NA	NA	Socal	Mostly VWS bird but rare forays to Socal possible so listed in both 	Yes
204	2012	4	Yellow	None	Yellow	Yellow	NA	NA	VWS	Mostly VWS bird but rare forays to Socal possible so listed in both 	Yes
206	2008	6	Yellow	2 dots	No tag	Yellow	None	None	Socal		Yes
206	2009	6	Yellow	None	Yellow	No tag	None	None	Socal		Yes
206	2010	6	Yellow	None	Yellow	No tag	None	None	Socal		Yes
206	2011	6	Yellow	None	Yellow	No tag	None	None	Socal		Yes
206	2012	6	Yellow	None	Yellow	No tag	None	None	Socal		Yes
206	2013	6	Yellow	None	Yellow	No tag	None	None	Socal		Yes
208	2006	8	Black	2 dots	NA	NA	NA	NA	Socal	Mostly VWS bird but rare forays to Socal possible so listed in both 	Yes
208	2006	8	Black	2 dots	NA	NA	NA	NA	VWS	Mostly VWS bird but rare forays to Socal possible so listed in both 	Yes
208	2007	8	Black	2 dots	NA	NA	NA	NA	Socal	Mostly VWS bird but rare forays to Socal possible so listed in both 	Yes
208	2007	8	Black	2 dots	NA	NA	NA	NA	VWS	Mostly VWS bird but rare forays to Socal possible so listed in both 	Yes
208	2008	8	Black	2 dots	NA	NA	NA	NA	Socal	Mostly VWS bird but rare forays to Socal possible so listed in both 	Yes
208	2008	8	Black	2 dots	NA	NA	NA	NA	VWS	Mostly VWS bird but rare forays to Socal possible so listed in both 	Yes
208	2009	8	Black	2 dots	NA	NA	NA	NA	Socal	Mostly VWS bird but rare forays to Socal possible so listed in both 	Yes
208	2009	8	Black	2 dots	NA	NA	NA	NA	VWS	Mostly VWS bird but rare forays to Socal possible so listed in both 	Yes
208	2010	8	Yellow	None	Yellow	No tag	NA	NA	Socal	Mostly VWS bird but rare forays to Socal possible so listed in both 	Yes
208	2010	8	Yellow	None	Yellow	No tag	NA	NA	VWS	Mostly VWS bird but rare forays to Socal possible so listed in both 	Yes
208	2011	8	Yellow	None	Yellow	No tag	NA	NA	Socal	Mostly VWS bird but rare forays to Socal possible so listed in both 	Yes
208	2011	8	Yellow	None	Yellow	No tag	NA	NA	VWS	Mostly VWS bird but rare forays to Socal possible so listed in both 	Yes
208	2012	8	Yellow	None	Yellow	No tag	NA	NA	Socal	Mostly VWS bird but rare forays to Socal possible so listed in both 	Yes
208	2012	8	Yellow	None	Yellow	No tag	NA	NA	VWS	Mostly VWS bird but rare forays to Socal possible so listed in both 	Yes
208	2013	8	Yellow	None	Yellow	No tag	NA	NA	Socal	Mostly VWS bird but rare forays to Socal possible so listed in both 	Yes
208	2013	8	Yellow	None	Yellow	No tag	NA	NA	VWS	Mostly VWS bird but rare forays to Socal possible so listed in both 	Yes
209	2006	9	Black	2 dots	NA	NA	NA	NA	Socal	Mostly VWS bird but rare forays to Socal possible so listed in both 	Yes
209	2006	9	Black	2 dots	NA	NA	NA	NA	VWS	Mostly VWS bird but rare forays to Socal possible so listed in both 	Yes
209	2007	9	Black	2 dots	NA	NA	NA	NA	Socal	Mostly VWS bird but rare forays to Socal possible so listed in both 	Yes
209	2007	9	Black	2 dots	NA	NA	NA	NA	VWS	Mostly VWS bird but rare forays to Socal possible so listed in both 	Yes
209	2008	9	Black	2 dots	NA	NA	NA	NA	Socal	Mostly VWS bird but rare forays to Socal possible so listed in both 	Yes
209	2008	9	Black	2 dots	NA	NA	NA	NA	VWS	Mostly VWS bird but rare forays to Socal possible so listed in both 	Yes
209	2009	9	Black	2 dots	NA	NA	NA	NA	Socal	Mostly VWS bird but rare forays to Socal possible so listed in both 	Yes
209	2009	9	Black	2 dots	NA	NA	NA	NA	VWS	Mostly VWS bird but rare forays to Socal possible so listed in both 	Yes
209	2010	9	Yellow	None	Yellow	No tag	NA	NA	Socal	Mostly VWS bird but rare forays to Socal possible so listed in both 	Yes
209	2010	9	Yellow	None	Yellow	No tag	NA	NA	VWS	Mostly VWS bird but rare forays to Socal possible so listed in both 	Yes
209	2011	9	Yellow	None	Yellow	No tag	NA	NA	Socal	Mostly VWS bird but rare forays to Socal possible so listed in both 	Yes
209	2011	9	Yellow	None	Yellow	No tag	NA	NA	VWS	Mostly VWS bird but rare forays to Socal possible so listed in both 	Yes
209	2012	9	Yellow	None	Yellow	No tag	NA	NA	Socal	Mostly VWS bird but rare forays to Socal possible so listed in both 	Yes
209	2012	9	Yellow	None	Yellow	No tag	NA	NA	VWS	Mostly VWS bird but rare forays to Socal possible so listed in both 	Yes
209	2013	9	Yellow	None	Yellow	No tag	NA	NA	Socal	Mostly VWS bird but rare forays to Socal possible so listed in both 	Yes
209	2013	9	Yellow	None	Yellow	No tag	NA	NA	VWS	Mostly VWS bird but rare forays to Socal possible so listed in both 	Yes
213	2008	13	Yellow	2 dots	Yellow	No tag	GPS	None	Socal		Yes
213	2009	13	Yellow	None	Yellow	No tag	None	None	Socal		Yes
213	2010	13	Yellow	None	Yellow	No tag	None	None	Socal		Yes
213	2011	13	Yellow	None	Yellow	No tag	None	None	Socal		Yes
214	2008	14	Yellow	2 dots	Yellow	Yellow	GPS	None	Socal		Yes
214	2009	14	Yellow	None	Yellow	No tag	None	None	Socal		Yes
214	2010	14	Yellow	None	No tag	Yellow	None	GPS	Socal		Yes
214	2011	14	Yellow	None	No tag	Yellow	None	GPS	Socal		Yes
216	2008	16	Yellow	2 dots	Yellow	Yellow	None	None	Socal		Yes
216	2009	16	Yellow	None	Yellow	Yellow	None	None	Socal		Yes
216	2010	16	Yellow	None	Yellow	No tag	None	None	Socal		Yes
216	2011	16	Yellow	None	Yellow	No tag	None	None	Socal		Yes
216	2012	16	Yellow	None	Yellow	No tag	None	None	Socal		Yes
216	2013	16	Yellow	None	Yellow	No tag	None	None	Socal		Yes
219	2006	19	Black	2 dots	NA	NA	NA	NA	Socal	Mostly VWS bird but rare forays to Socal possible so listed in both 	Yes
219	2006	19	Black	2 dots	NA	NA	NA	NA	VWS	Mostly VWS bird but rare forays to Socal possible so listed in both 	Yes
219	2007	19	Black	2 dots	NA	NA	NA	NA	Socal	Mostly VWS bird but rare forays to Socal possible so listed in both 	Yes
219	2007	19	Black	2 dots	NA	NA	NA	NA	VWS	Mostly VWS bird but rare forays to Socal possible so listed in both 	Yes
219	2008	19	Black	2 dots	NA	NA	NA	NA	Socal	Mostly VWS bird but rare forays to Socal possible so listed in both 	Yes
219	2008	19	Black	2 dots	NA	NA	NA	NA	VWS	Mostly VWS bird but rare forays to Socal possible so listed in both 	Yes
219	2009	19	Black	2 dots	NA	NA	NA	NA	Socal	Mostly VWS bird but rare forays to Socal possible so listed in both 	Yes
219	2009	19	Black	2 dots	NA	NA	NA	NA	VWS	Mostly VWS bird but rare forays to Socal possible so listed in both 	Yes
219	2010	19	Yellow	None	Yellow	Yellow	NA	NA	Socal	Mostly VWS bird but rare forays to Socal possible so listed in both 	Yes
219	2010	19	Yellow	None	Yellow	Yellow	NA	NA	VWS	Mostly VWS bird but rare forays to Socal possible so listed in both 	Yes
219	2011	19	Yellow	None	Yellow	Yellow	NA	NA	Socal	Mostly VWS bird but rare forays to Socal possible so listed in both 	Yes
219	2011	19	Yellow	None	Yellow	Yellow	NA	NA	VWS	Mostly VWS bird but rare forays to Socal possible so listed in both 	Yes
219	2012	19	Yellow	None	Yellow	Yellow	NA	NA	Socal	Mostly VWS bird but rare forays to Socal possible so listed in both 	Yes
219	2012	19	Yellow	None	Yellow	Yellow	NA	NA	VWS	Mostly VWS bird but rare forays to Socal possible so listed in both 	Yes
219	2013	19	Yellow	None	Yellow	Yellow	NA	NA	Socal	Mostly VWS bird but rare forays to Socal possible so listed in both 	Yes
219	2013	19	Yellow	None	Yellow	Yellow	NA	NA	VWS	Mostly VWS bird but rare forays to Socal possible so listed in both 	Yes
222	2006	22	Black	2 dots	NA	NA	NA	NA	Socal	Mostly VWS bird but rare forays to Socal possible so listed in both 	Yes
222	2006	22	Black	2 dots	NA	NA	NA	NA	VWS	Mostly VWS bird but rare forays to Socal possible so listed in both 	Yes
222	2007	22	Black	2 dots	NA	NA	NA	NA	Socal	Mostly VWS bird but rare forays to Socal possible so listed in both 	Yes
222	2007	22	Black	2 dots	NA	NA	NA	NA	VWS	Mostly VWS bird but rare forays to Socal possible so listed in both 	Yes
222	2008	22	Black	2 dots	NA	NA	NA	NA	Socal	Mostly VWS bird but rare forays to Socal possible so listed in both 	Yes
222	2008	22	Black	2 dots	NA	NA	NA	NA	VWS	Mostly VWS bird but rare forays to Socal possible so listed in both 	Yes
222	2009	22	Black	2 dots	NA	NA	NA	NA	Socal	Mostly VWS bird but rare forays to Socal possible so listed in both 	Yes
222	2009	22	Black	2 dots	NA	NA	NA	NA	VWS	Mostly VWS bird but rare forays to Socal possible so listed in both 	Yes
222	2010	22	Yellow	None	No tag	Yellow	NA	NA	Socal	Mostly VWS bird but rare forays to Socal possible so listed in both 	Yes
222	2010	22	Yellow	None	No tag	Yellow	NA	NA	VWS	Mostly VWS bird but rare forays to Socal possible so listed in both 	Yes
222	2011	22	Yellow	None	No tag	Yellow	NA	NA	Socal	Mostly VWS bird but rare forays to Socal possible so listed in both 	Yes
222	2011	22	Yellow	None	No tag	Yellow	NA	NA	VWS	Mostly VWS bird but rare forays to Socal possible so listed in both 	Yes
222	2012	22	Yellow	None	No tag	Yellow	NA	NA	Socal	Mostly VWS bird but rare forays to Socal possible so listed in both 	Yes
222	2012	22	Yellow	None	No tag	Yellow	NA	NA	VWS	Mostly VWS bird but rare forays to Socal possible so listed in both 	Yes
222	2013	22	Yellow	None	No tag	Yellow	NA	NA	Socal	Mostly VWS bird but rare forays to Socal possible so listed in both 	Yes
222	2013	22	Yellow	None	No tag	Yellow	NA	NA	VWS	Mostly VWS bird but rare forays to Socal possible so listed in both 	Yes
231	2006	31	Black	2 dots	NA	NA	NA	NA	Socal	Mostly VWS bird but rare forays to Socal possible so listed in both 	Yes
231	2006	31	Black	2 dots	NA	NA	NA	NA	VWS	Mostly VWS bird but rare forays to Socal possible so listed in both 	Yes
231	2007	31	Black	2 dots	NA	NA	NA	NA	Socal	Mostly VWS bird but rare forays to Socal possible so listed in both 	Yes
231	2007	31	Black	2 dots	NA	NA	NA	NA	VWS	Mostly VWS bird but rare forays to Socal possible so listed in both 	Yes
231	2008	31	Black	2 dots	NA	NA	NA	NA	Socal	Mostly VWS bird but rare forays to Socal possible so listed in both 	Yes
231	2008	31	Black	2 dots	NA	NA	NA	NA	VWS	Mostly VWS bird but rare forays to Socal possible so listed in both 	Yes
231	2009	31	Black	2 dots	NA	NA	NA	NA	Socal	Mostly VWS bird but rare forays to Socal possible so listed in both 	Yes
231	2009	31	Black	2 dots	NA	NA	NA	NA	VWS	Mostly VWS bird but rare forays to Socal possible so listed in both 	Yes
231	2010	31	Yellow	None	Yellow	Yellow	NA	NA	Socal	Mostly VWS bird but rare forays to Socal possible so listed in both 	Yes
231	2010	31	Yellow	None	Yellow	Yellow	NA	NA	VWS	Mostly VWS bird but rare forays to Socal possible so listed in both 	Yes
231	2011	31	Yellow	None	Yellow	Yellow	NA	NA	Socal	Mostly VWS bird but rare forays to Socal possible so listed in both 	Yes
231	2011	31	Yellow	None	Yellow	Yellow	NA	NA	VWS	Mostly VWS bird but rare forays to Socal possible so listed in both 	Yes
231	2012	31	Yellow	None	Yellow	Yellow	NA	NA	Socal	Mostly VWS bird but rare forays to Socal possible so listed in both 	Yes
231	2012	31	Yellow	None	Yellow	Yellow	NA	NA	VWS	Mostly VWS bird but rare forays to Socal possible so listed in both 	Yes
231	2013	31	Yellow	None	Yellow	Yellow	NA	NA	Socal	Mostly VWS bird but rare forays to Socal possible so listed in both 	Yes
231	2013	31	Yellow	None	Yellow	Yellow	NA	NA	VWS	Mostly VWS bird but rare forays to Socal possible so listed in both 	Yes
236	2006	36	Black	2 dots	NA	NA	NA	NA	Socal	Mostly VWS bird but rare forays to Socal possible so listed in both 	Yes
236	2006	36	Black	2 dots	NA	NA	NA	NA	VWS	Mostly VWS bird but rare forays to Socal possible so listed in both 	Yes
236	2007	36	Black	2 dots	NA	NA	NA	NA	Socal	Mostly VWS bird but rare forays to Socal possible so listed in both 	Yes
236	2007	36	Black	2 dots	NA	NA	NA	NA	VWS	Mostly VWS bird but rare forays to Socal possible so listed in both 	Yes
236	2008	36	Black	2 dots	NA	NA	NA	NA	Socal	Mostly VWS bird but rare forays to Socal possible so listed in both 	Yes
236	2008	36	Black	2 dots	NA	NA	NA	NA	VWS	Mostly VWS bird but rare forays to Socal possible so listed in both 	Yes
236	2009	36	Black	2 dots	NA	NA	NA	NA	Socal	Mostly VWS bird but rare forays to Socal possible so listed in both 	Yes
236	2009	36	Black	2 dots	NA	NA	NA	NA	VWS	Mostly VWS bird but rare forays to Socal possible so listed in both 	Yes
236	2010	36	Yellow	None	No tag	Yellow	NA	NA	Socal	Mostly VWS bird but rare forays to Socal possible so listed in both 	Yes
236	2010	36	Yellow	None	No tag	Yellow	NA	NA	VWS	Mostly VWS bird but rare forays to Socal possible so listed in both 	Yes
236	2011	36	Yellow	None	No tag	Yellow	NA	NA	Socal	Mostly VWS bird but rare forays to Socal possible so listed in both 	Yes
236	2011	36	Yellow	None	No tag	Yellow	NA	NA	VWS	Mostly VWS bird but rare forays to Socal possible so listed in both 	Yes
236	2012	36	Yellow	None	No tag	Yellow	NA	NA	Socal	Mostly VWS bird but rare forays to Socal possible so listed in both 	Yes
236	2012	36	Yellow	None	No tag	Yellow	NA	NA	VWS	Mostly VWS bird but rare forays to Socal possible so listed in both 	Yes
236	2013	36	Yellow	None	No tag	Yellow	NA	NA	Socal	Mostly VWS bird but rare forays to Socal possible so listed in both 	Yes
236	2013	36	Yellow	None	No tag	Yellow	NA	NA	VWS	Mostly VWS bird but rare forays to Socal possible so listed in both 	Yes
237	2008	37	White	2 dots	White	White	GPS	None	Socal		Yes
237	2009	37	Yellow	None	Yellow	Yellow	GPS	None	Socal		Yes
237	2010	37	Yellow	None	Yellow	No tag	GPS	None	Socal		Yes
237	2011	37	Yellow	None	Yellow	No tag	GPS	None	Socal		Yes
237	2012	37	Yellow	None	Yellow	No tag	GPS	None	Socal		Yes
237	2013	37	Yellow	None	Yellow	No tag	None	None	Socal		Yes
238	2008	38	White	2 dots	White	No tag	GPS	None	Socal		Yes
239	2008	39	White	2 dots	White	White	None	None	Socal		Yes
239	2009	39	Yellow	None	Yellow	Yellow	None	None	Socal		Yes
239	2010	39	Yellow	None	Yellow	Yellow	None	None	Socal		Yes
239	2011	39	Yellow	None	Yellow	Yellow	None	None	Socal		Yes
239	2012	39	Yellow	None	Yellow	No tag	None	None	Socal		Yes
239	2013	39	Yellow	None	Yellow	No tag	None	None	Socal		Yes
242	2006	42	Black	2 dots	NA	NA	NA	NA	Socal	Mostly VWS bird but rare forays to Socal possible so listed in both 	Yes
242	2006	42	Black	2 dots	NA	NA	NA	NA	VWS	Mostly VWS bird but rare forays to Socal possible so listed in both 	Yes
242	2007	42	Black	2 dots	NA	NA	NA	NA	Socal	Mostly VWS bird but rare forays to Socal possible so listed in both 	Yes
242	2007	42	Black	2 dots	NA	NA	NA	NA	VWS	Mostly VWS bird but rare forays to Socal possible so listed in both 	Yes
242	2008	42	Black	2 dots	NA	NA	NA	NA	Socal	Mostly VWS bird but rare forays to Socal possible so listed in both 	Yes
242	2008	42	Black	2 dots	NA	NA	NA	NA	VWS	Mostly VWS bird but rare forays to Socal possible so listed in both 	Yes
242	2009	42	Black	2 dots	NA	NA	NA	NA	Socal	Mostly VWS bird but rare forays to Socal possible so listed in both 	Yes
242	2009	42	Black	2 dots	NA	NA	NA	NA	VWS	Mostly VWS bird but rare forays to Socal possible so listed in both 	Yes
242	2010	42	Yellow	None	No tag	Yellow	NA	NA	Socal	Mostly VWS bird but rare forays to Socal possible so listed in both 	Yes
242	2010	42	Yellow	None	No tag	Yellow	NA	NA	VWS	Mostly VWS bird but rare forays to Socal possible so listed in both 	Yes
242	2011	42	Yellow	None	No tag	Yellow	NA	NA	Socal	Mostly VWS bird but rare forays to Socal possible so listed in both 	Yes
242	2011	42	Yellow	None	No tag	Yellow	NA	NA	VWS	Mostly VWS bird but rare forays to Socal possible so listed in both 	Yes
242	2012	42	Yellow	None	No tag	Yellow	NA	NA	Socal	Mostly VWS bird but rare forays to Socal possible so listed in both 	Yes
242	2012	42	Yellow	None	No tag	Yellow	NA	NA	VWS	Mostly VWS bird but rare forays to Socal possible so listed in both 	Yes
242	2013	42	Yellow	None	No tag	Yellow	NA	NA	Socal	Mostly VWS bird but rare forays to Socal possible so listed in both 	Yes
242	2013	42	Yellow	None	No tag	Yellow	NA	NA	VWS	Mostly VWS bird but rare forays to Socal possible so listed in both 	Yes
247	2008	47	White	2 dots	White	White	GPS	None	Socal		Yes
247	2009	47	Yellow	None	Yellow	Yellow	GPS	None	Socal		Yes
247	2010	47	Yellow	None	Yellow	No tag	GPS	None	Socal		Yes
247	2011	47	Yellow	None	Yellow	No tag	GPS	None	Socal		Yes
247	2012	47	Yellow	None	Yellow	No tag	GPS	None	Socal		Yes
247	2013	47	Yellow	None	Yellow	No tag	GPS	None	Socal		Yes
251	2006	51	Black	2 dots	NA	NA	NA	NA	Socal	Mostly VWS bird but rare forays to Socal possible so listed in both 	Yes
251	2006	51	Black	2 dots	NA	NA	NA	NA	VWS	Mostly VWS bird but rare forays to Socal possible so listed in both 	Yes
251	2007	51	Black	2 dots	NA	NA	NA	NA	Socal	Mostly VWS bird but rare forays to Socal possible so listed in both 	Yes
251	2007	51	Black	2 dots	NA	NA	NA	NA	VWS	Mostly VWS bird but rare forays to Socal possible so listed in both 	Yes
251	2008	51	Black	2 dots	NA	NA	NA	NA	Socal	Mostly VWS bird but rare forays to Socal possible so listed in both 	Yes
251	2008	51	Black	2 dots	NA	NA	NA	NA	VWS	Mostly VWS bird but rare forays to Socal possible so listed in both 	Yes
251	2009	51	Black	2 dots	NA	NA	NA	NA	Socal	Mostly VWS bird but rare forays to Socal possible so listed in both 	Yes
251	2009	51	Black	2 dots	NA	NA	NA	NA	VWS	Mostly VWS bird but rare forays to Socal possible so listed in both 	Yes
251	2010	51	Yellow	None	No tag	Yellow	NA	NA	Socal	Mostly VWS bird but rare forays to Socal possible so listed in both 	Yes
251	2010	51	Yellow	None	No tag	Yellow	NA	NA	VWS	Mostly VWS bird but rare forays to Socal possible so listed in both 	Yes
251	2011	51	Yellow	None	No tag	Yellow	NA	NA	Socal	Mostly VWS bird but rare forays to Socal possible so listed in both 	Yes
251	2011	51	Yellow	None	No tag	Yellow	NA	NA	VWS	Mostly VWS bird but rare forays to Socal possible so listed in both 	Yes
251	2012	51	Yellow	None	No tag	Yellow	NA	NA	Socal	Mostly VWS bird but rare forays to Socal possible so listed in both 	Yes
251	2012	51	Yellow	None	No tag	Yellow	NA	NA	VWS	Mostly VWS bird but rare forays to Socal possible so listed in both 	Yes
251	2013	51	Yellow	None	No tag	Yellow	NA	NA	Socal	Mostly VWS bird but rare forays to Socal possible so listed in both 	Yes
251	2013	51	Yellow	None	No tag	Yellow	NA	NA	VWS	Mostly VWS bird but rare forays to Socal possible so listed in both 	Yes
255	2008	55	White	2 dots	White	No tag	None	None	Socal		Yes
255	2009	55	Yellow	None	No tag	Yellow	None	GPS	Socal		Yes
255	2010	55	Yellow	None	No tag	Yellow	None	GPS	Socal		Yes
255	2011	55	Yellow	None	No tag	Yellow	None	GPS	Socal		Yes
255	2012	55	Yellow	None	No tag	Yellow	None	GPS	Socal		Yes
255	2013	55	Yellow	None	Yellow	No tag	GPS	None	Socal		Yes
262	2008	62	White	2 dots	White	No tag	None	None	Socal		Yes
262	2009	62	Yellow	None	No tag	Yellow	None	GPS	Socal		Yes
262	2010	62	Yellow	None	No tag	Yellow	None	None	Socal		Yes
262	2011	62	Yellow	None	No tag	Yellow	None	GPS	Socal		Yes
262	2012	62	Yellow	None	No tag	Yellow	None	GPS	Socal		Yes
262	2013	62	Yellow	None	No tag	Yellow	None	GPS	Socal		Yes
278	2006	78	Black	2 dots	NA	NA	NA	NA	Socal	Mostly VWS bird but rare forays to Socal possible so listed in both 	Yes
278	2006	78	Black	2 dots	NA	NA	NA	NA	VWS	Mostly VWS bird but rare forays to Socal possible so listed in both 	Yes
278	2007	78	Black	2 dots	NA	NA	NA	NA	Socal	Mostly VWS bird but rare forays to Socal possible so listed in both 	Yes
278	2007	78	Black	2 dots	NA	NA	NA	NA	VWS	Mostly VWS bird but rare forays to Socal possible so listed in both 	Yes
278	2008	78	Black	2 dots	NA	NA	NA	NA	Socal	Mostly VWS bird but rare forays to Socal possible so listed in both 	Yes
278	2008	78	Black	2 dots	NA	NA	NA	NA	VWS	Mostly VWS bird but rare forays to Socal possible so listed in both 	Yes
286	2006	86	Black	2 dots	NA	NA	NA	NA	Socal	Mostly VWS bird but rare forays to Socal possible so listed in both 	Yes
286	2006	86	Black	2 dots	NA	NA	NA	NA	VWS	Mostly VWS bird but rare forays to Socal possible so listed in both 	Yes
286	2006	86	White	None	NA	NA	NA	NA	VWS		Yes
286	2007	86	Black	2 dots	NA	NA	NA	NA	Socal	Mostly VWS bird but rare forays to Socal possible so listed in both 	Yes
286	2007	86	Black	2 dots	NA	NA	NA	NA	VWS	Mostly VWS bird but rare forays to Socal possible so listed in both 	Yes
286	2008	86	Black	2 dots	NA	NA	NA	NA	Socal	Mostly VWS bird but rare forays to Socal possible so listed in both 	Yes
286	2008	86	Black	2 dots	NA	NA	NA	NA	VWS	Mostly VWS bird but rare forays to Socal possible so listed in both 	Yes
286	2009	86	Black	2 dots	NA	NA	NA	NA	Socal	Mostly VWS bird but rare forays to Socal possible so listed in both 	Yes
286	2009	86	Black	2 dots	NA	NA	NA	NA	VWS	Mostly VWS bird but rare forays to Socal possible so listed in both 	Yes
289	2008	89	Red	2 dots	No tag	Red	None	GPS	Socal		Yes
289	2009	89	Yellow	None	Yellow	No tag	None	None	Socal		Yes
289	2010	89	Yellow	None	Yellow	No tag	GPS	None	Socal		Yes
289	2011	89	Yellow	None	Yellow	No tag	GPS	None	Socal		Yes
289	2012	89	Yellow	None	Yellow	No tag	GPS	None	Socal		Yes
289	2013	89	Yellow	None	Yellow	No tag	GPS	None	Socal		Yes
294	2006	94	Black	2 dots	NA	NA	NA	NA	Socal	Mostly VWS bird but rare forays to Socal possible so listed in both 	Yes
294	2006	94	Black	2 dots	NA	NA	NA	NA	VWS	Mostly VWS bird but rare forays to Socal possible so listed in both 	Yes
294	2006	94	White	None	NA	NA	NA	NA	VWS		Yes
294	2007	94	Black	2 dots	NA	NA	NA	NA	Socal	Mostly VWS bird but rare forays to Socal possible so listed in both 	Yes
294	2007	94	Black	2 dots	NA	NA	NA	NA	VWS	Mostly VWS bird but rare forays to Socal possible so listed in both 	Yes
294	2008	94	Black	2 dots	NA	NA	NA	NA	Socal	Mostly VWS bird but rare forays to Socal possible so listed in both 	Yes
294	2008	94	Black	2 dots	NA	NA	NA	NA	VWS	Mostly VWS bird but rare forays to Socal possible so listed in both 	Yes
294	2009	94	Black	2 dots	NA	NA	NA	NA	Socal	Mostly VWS bird but rare forays to Socal possible so listed in both 	Yes
294	2009	94	Black	2 dots	NA	NA	NA	NA	VWS	Mostly VWS bird but rare forays to Socal possible so listed in both 	Yes
294	2010	94	Yellow	None	NA	NA	NA	NA	Socal	Mostly VWS bird but rare forays to Socal possible so listed in both 	Yes
294	2010	94	Yellow	None	NA	NA	NA	NA	VWS	Mostly VWS bird but rare forays to Socal possible so listed in both 	Yes
294	2011	94	Yellow	None	NA	NA	NA	NA	Socal	Mostly VWS bird but rare forays to Socal possible so listed in both 	Yes
294	2011	94	Yellow	None	NA	NA	NA	NA	VWS	Mostly VWS bird but rare forays to Socal possible so listed in both 	Yes
298	2006	98	Black	2 dots	NA	NA	NA	NA	Socal	Mostly VWS bird but rare forays to Socal possible so listed in both 	Yes
298	2006	98	Black	2 dots	NA	NA	NA	NA	VWS	Mostly VWS bird but rare forays to Socal possible so listed in both 	Yes
298	2006	98	White	None	NA	NA	NA	NA	VWS		Yes
298	2007	98	Black	2 dots	NA	NA	NA	NA	Socal	Mostly VWS bird but rare forays to Socal possible so listed in both 	Yes
298	2007	98	Black	2 dots	NA	NA	NA	NA	VWS	Mostly VWS bird but rare forays to Socal possible so listed in both 	Yes
298	2008	98	Yellow	2 dots	NA	NA	NA	NA	Socal	Mostly VWS bird but rare forays to Socal possible so listed in both 	Yes	Added 7/20/14 based on photo observation (black may be wrong)
298	2008	98	Yellow	2 dots	NA	NA	NA	NA	VWS	Mostly VWS bird but rare forays to Socal possible so listed in both 	Yes	Added 7/20/14 based on photo observation (black may be wrong)
298	2008	98	Black	2 dots	NA	NA	NA	NA	Socal	Mostly VWS bird but rare forays to Socal possible so listed in both 	Yes
298	2008	98	Black	2 dots	NA	NA	NA	NA	VWS	Mostly VWS bird but rare forays to Socal possible so listed in both 	Yes
298	2009	98	Black	2 dots	NA	NA	NA	NA	Socal	Mostly VWS bird but rare forays to Socal possible so listed in both 	Yes
298	2009	98	Black	2 dots	NA	NA	NA	NA	VWS	Mostly VWS bird but rare forays to Socal possible so listed in both 	Yes
298	2010	98	Yellow	None	NA	NA	NA	NA	Socal	Mostly VWS bird but rare forays to Socal possible so listed in both 	Yes
298	2010	98	Yellow	None	NA	NA	NA	NA	VWS	Mostly VWS bird but rare forays to Socal possible so listed in both 	Yes
298	2011	98	Yellow	None	NA	NA	NA	NA	Socal	Mostly VWS bird but rare forays to Socal possible so listed in both 	Yes
298	2011	98	Yellow	None	NA	NA	NA	NA	VWS	Mostly VWS bird but rare forays to Socal possible so listed in both 	Yes
298	2012	98	Yellow	None	NA	NA	NA	NA	Socal	Mostly VWS bird but rare forays to Socal possible so listed in both 	Yes
298	2012	98	Yellow	None	NA	NA	NA	NA	VWS	Mostly VWS bird but rare forays to Socal possible so listed in both 	Yes
301	2006	1	Black	3 dots	NA	NA	NA	NA	Socal	Mostly VWS bird but rare forays to Socal possible so listed in both 	Yes
301	2006	1	Black	3 dots	NA	NA	NA	NA	VWS	Mostly VWS bird but rare forays to Socal possible so listed in both 	Yes
301	2007	1	Black	3 dots	NA	NA	NA	NA	Socal	Mostly VWS bird but rare forays to Socal possible so listed in both 	Yes
301	2007	1	Black	3 dots	NA	NA	NA	NA	VWS	Mostly VWS bird but rare forays to Socal possible so listed in both 	Yes
303	2006	3	Black	3 dots	NA	NA	NA	NA	Socal	Mostly VWS bird but rare forays to Socal possible so listed in both 	Yes
303	2006	3	Black	3 dots	NA	NA	NA	NA	VWS	Mostly VWS bird but rare forays to Socal possible so listed in both 	Yes
303	2006	3	White	None	NA	NA	NA	NA	VWS		Yes
303	2007	3	Black	3 dots	NA	NA	NA	NA	Socal	Mostly VWS bird but rare forays to Socal possible so listed in both 	Yes
303	2007	3	Black	3 dots	NA	NA	NA	NA	VWS	Mostly VWS bird but rare forays to Socal possible so listed in both 	Yes
303	2008	3	Black	3 dots	NA	NA	NA	NA	Socal	Mostly VWS bird but rare forays to Socal possible so listed in both 	Yes
303	2008	3	Black	3 dots	NA	NA	NA	NA	VWS	Mostly VWS bird but rare forays to Socal possible so listed in both 	Yes
303	2009	3	Black	3 dots	NA	NA	NA	NA	Socal	Mostly VWS bird but rare forays to Socal possible so listed in both 	Yes
303	2009	3	Black	3 dots	NA	NA	NA	NA	VWS	Mostly VWS bird but rare forays to Socal possible so listed in both 	Yes
306	2006	06	Black	None	NA	NA	NA	NA	PNP	Mostly PNP bird but rare forays to Socal possible so listed in both 	Yes
306	2006	06	Black	None	NA	NA	NA	NA	Socal	Mostly PNP bird but rare forays to Socal possible so listed in both 	Yes
306	2007	06	Black	None	NA	NA	NA	NA	PNP	Mostly PNP bird but rare forays to Socal possible so listed in both 	Yes
306	2007	06	Black	None	NA	NA	NA	NA	Socal	Mostly PNP bird but rare forays to Socal possible so listed in both 	Yes
306	2008	06	Black	None	NA	NA	NA	NA	PNP	Mostly PNP bird but rare forays to Socal possible so listed in both 	Yes
306	2008	06	Black	None	NA	NA	NA	NA	Socal	Mostly PNP bird but rare forays to Socal possible so listed in both 	Yes
306	2009	06	Black	None	Black	Black	NA	NA	PNP	Mostly PNP bird but rare forays to Socal possible so listed in both 	Yes
306	2009	06	Black	3 dots	Black	Black	NA	NA	PNP	Mostly PNP bird but rare forays to Socal possible so listed in both 	Yes
306	2009	06	Black	None	Black	Black	NA	NA	Socal	Mostly PNP bird but rare forays to Socal possible so listed in both 	Yes
306	2009	06	Black	3 dots	Black	Black	NA	NA	Socal	Mostly PNP bird but rare forays to Socal possible so listed in both 	Yes
306	2010	06	Black	None	Black	Black	NA	NA	PNP	Mostly PNP bird but rare forays to Socal possible so listed in both 	Yes
306	2010	06	Black	3 dots	Black	Black	NA	NA	PNP	Mostly PNP bird but rare forays to Socal possible so listed in both 	Yes
306	2010	06	Black	None	Black	Black	NA	NA	Socal	Mostly PNP bird but rare forays to Socal possible so listed in both 	Yes
306	2010	06	Black	3 dots	Black	Black	NA	NA	Socal	Mostly PNP bird but rare forays to Socal possible so listed in both 	Yes
306	2011	06	Black	3 dots	Black	Black	NA	NA	PNP	Mostly PNP bird but rare forays to Socal possible so listed in both 	Yes
306	2011	06	Black	3 dots	Black	Black	NA	NA	Socal	Mostly PNP bird but rare forays to Socal possible so listed in both 	Yes
306	2012	06	Black	3 dots	Black	No tag	NA	NA	PNP	Mostly PNP bird but rare forays to Socal possible so listed in both 	Yes
306	2012	06	Black	3 dots	Black	No tag	NA	NA	Socal	Mostly PNP bird but rare forays to Socal possible so listed in both 	Yes
306	2013	06	Black	3 dots	Black	No tag	NA	NA	PNP	Mostly PNP bird but rare forays to Socal possible so listed in both 	Yes
306	2013	06	Black	3 dots	Black	No tag	NA	NA	Socal	Mostly PNP bird but rare forays to Socal possible so listed in both 	Yes
307	2006	7	Black	None	NA	NA	NA	NA	PNP	Overlap with 507 so not listed as possible vagrant to Socal	Yes
307	2006	07	Black	None	NA	NA	NA	NA	PNP	Overlap with 507 so not listed as possible vagrant to Socal	Yes
307	2007	7	Black	None	NA	NA	NA	NA	PNP	Overlap with 507 so not listed as possible vagrant to Socal	Yes
307	2007	07	Black	None	NA	NA	NA	NA	PNP	Overlap with 507 so not listed as possible vagrant to Socal	Yes
310	2006	10	Black	None	NA	NA	NA	NA	PNP	Mostly PNP bird but rare forays to Socal possible so listed in both 	Yes
310	2006	10	Black	None	NA	NA	NA	NA	Socal	Mostly PNP bird but rare forays to Socal possible so listed in both 	Yes
310	2007	10	Black	None	NA	NA	NA	NA	PNP	Mostly PNP bird but rare forays to Socal possible so listed in both 	Yes
310	2007	10	Black	None	NA	NA	NA	NA	Socal	Mostly PNP bird but rare forays to Socal possible so listed in both 	Yes
310	2008	10	Black	None	NA	NA	NA	NA	PNP	Mostly PNP bird but rare forays to Socal possible so listed in both 	Yes
310	2008	10	Black	None	NA	NA	NA	NA	Socal	Mostly PNP bird but rare forays to Socal possible so listed in both 	Yes
310	2009	10	Black	underline	Black	Black	NA	NA	PNP	"Mostly PNP bird but rare forays to Socal possible so listed in both. Only the 0 is underlined (transmitted to us as ""bar under 0"")"	Yes
310	2009	10	Black	3 dots	Black	Black	NA	NA	PNP	Mostly PNP bird but rare forays to Socal possible so listed in both 	Yes
310	2009	10	Black	underline	Black	Black	NA	NA	Socal	"Mostly PNP bird but rare forays to Socal possible so listed in both. Only the 0 is underlined (transmitted to us as ""bar under 0"")"	Yes
310	2009	10	Black	3 dots	Black	Black	NA	NA	Socal	Mostly PNP bird but rare forays to Socal possible so listed in both 	Yes
310	2010	10	Black	3 dots	Black	Black	NA	NA	PNP	Mostly PNP bird but rare forays to Socal possible so listed in both 	Yes
310	2010	10	Black	3 dots	Black	Black	NA	NA	Socal	Mostly PNP bird but rare forays to Socal possible so listed in both 	Yes
310	2011	10	Black	3 dots	Black	Black	NA	NA	PNP	Mostly PNP bird but rare forays to Socal possible so listed in both 	Yes
310	2011	10	Black	3 dots	Black	Black	NA	NA	Socal	Mostly PNP bird but rare forays to Socal possible so listed in both 	Yes
310	2012	10	Black	3 dots	Black	Black	NA	NA	PNP	Mostly PNP bird but rare forays to Socal possible so listed in both 	Yes
310	2012	10	Black	3 dots	Black	Black	NA	NA	Socal	Mostly PNP bird but rare forays to Socal possible so listed in both 	Yes
310	2013	10	Black	3 dots	Black	Black	NA	NA	PNP	Mostly PNP bird but rare forays to Socal possible so listed in both 	Yes
310	2013	10	Black	3 dots	Black	Black	NA	NA	Socal	Mostly PNP bird but rare forays to Socal possible so listed in both 	Yes
311	2006	11	Black	3 dots	NA	NA	NA	NA	Socal	Mostly VWS bird but rare forays to Socal possible so listed in both 	Yes
311	2006	11	Black	3 dots	NA	NA	NA	NA	VWS	Mostly VWS bird but rare forays to Socal possible so listed in both 	Yes
311	2007	11	Black	3 dots	NA	NA	NA	NA	Socal	Mostly VWS bird but rare forays to Socal possible so listed in both 	Yes
311	2007	11	Black	3 dots	NA	NA	NA	NA	VWS	Mostly VWS bird but rare forays to Socal possible so listed in both 	Yes
311	2008	11	Black	3 dots	NA	NA	NA	NA	Socal	Mostly VWS bird but rare forays to Socal possible so listed in both 	Yes
311	2008	11	Black	3 dots	NA	NA	NA	NA	VWS	Mostly VWS bird but rare forays to Socal possible so listed in both 	Yes
311	2009	11	Black	3 dots	NA	NA	NA	NA	Socal	Mostly VWS bird but rare forays to Socal possible so listed in both 	Yes
311	2009	11	Black	3 dots	NA	NA	NA	NA	VWS	Mostly VWS bird but rare forays to Socal possible so listed in both 	Yes
311	2010	11	Blue	None	No tag	Blue	NA	NA	Socal	Mostly VWS bird but rare forays to Socal possible so listed in both 	Yes
311	2010	11	Blue	None	No tag	Blue	NA	NA	VWS	Mostly VWS bird but rare forays to Socal possible so listed in both 	Yes
311	2011	11	Blue	None	No tag	Blue	NA	NA	Socal	Mostly VWS bird but rare forays to Socal possible so listed in both 	Yes
311	2011	11	Blue	None	No tag	Blue	NA	NA	VWS	Mostly VWS bird but rare forays to Socal possible so listed in both 	Yes
311	2012	11	Blue	None	No tag	Blue	NA	NA	Socal	Mostly VWS bird but rare forays to Socal possible so listed in both 	Yes
311	2012	11	Blue	None	No tag	Blue	NA	NA	VWS	Mostly VWS bird but rare forays to Socal possible so listed in both 	Yes
311	2013	11	Blue	None	No tag	Blue	NA	NA	Socal	Mostly VWS bird but rare forays to Socal possible so listed in both 	Yes
311	2013	11	Blue	None	No tag	Blue	NA	NA	VWS	Mostly VWS bird but rare forays to Socal possible so listed in both 	Yes
312	2006	12	Black	None	NA	NA	NA	NA	PNP	Overlap with 512 so not listed as possible vagrant to Socal	Yes
312	2007	12	Black	None	NA	NA	NA	NA	PNP	Overlap with 512 so not listed as possible vagrant to Socal	Yes
312	2008	12	Black	None	NA	NA	NA	NA	PNP	Overlap with 512 so not listed as possible vagrant to Socal	Yes
312	2009	12	Black	None	NA	NA	NA	NA	PNP	Overlap with 512 so not listed as possible vagrant to Socal	Yes
312	2009	12	Black	3 dots	No tag	Black	NA	NA	PNP	Overlap with 512 so not listed as possible vagrant to Socal	Yes
312	2010	12	Black	3 dots	Black	Black	NA	NA	PNP	Overlap with 512 so not listed as possible vagrant to Socal	Yes
312	2011	12	Black	3 dots	Black	Black	NA	NA	PNP	Overlap with 512 so not listed as possible vagrant to Socal	Yes
312	2012	12	Black	3 dots	Black	Black	NA	NA	PNP	Overlap with 512 so not listed as possible vagrant to Socal	Yes
312	2013	12	Black	3 dots	Black	Black	NA	NA	PNP	Overlap with 512 so not listed as possible vagrant to Socal	Yes
313	2006	13	Black	None	NA	NA	NA	NA	PNP	Overlap with 513 so not listed as possible vagrant to Socal	Yes
313	2007	13	Black	None	NA	NA	NA	NA	PNP	Overlap with 513 so not listed as possible vagrant to Socal	Yes
313	2008	13	Black	None	NA	NA	NA	NA	PNP	Overlap with 513 so not listed as possible vagrant to Socal	Yes
313	2008	13	Black	3 dots	NA	NA	NA	NA	PNP	Overlap with 513 so not listed as possible vagrant to Socal	Yes
313	2009	13	Black	3 dots	Black	Black	NA	NA	PNP	Overlap with 513 so not listed as possible vagrant to Socal	Yes
313	2010	13	Black	3 dots	Black	Black	NA	NA	PNP	Overlap with 513 so not listed as possible vagrant to Socal	Yes
313	2011	13	Black	3 dots	Black	Black	NA	NA	PNP	Overlap with 513 so not listed as possible vagrant to Socal	Yes
313	2012	13	Black	3 dots	Black	No tag	NA	NA	PNP	Overlap with 513 so not listed as possible vagrant to Socal	Yes
313	2013	13	Black	3 dots	Black	No tag	NA	NA	PNP	Overlap with 513 so not listed as possible vagrant to Socal	Yes
317	2006	17	Black	None	NA	NA	NA	NA	PNP	Mostly PNP bird but rare forays to Socal possible so listed in both 	Yes
317	2006	17	Black	None	NA	NA	NA	NA	Socal	Mostly PNP bird but rare forays to Socal possible so listed in both 	Yes
317	2007	17	Black	None	NA	NA	NA	NA	PNP	Mostly PNP bird but rare forays to Socal possible so listed in both 	Yes
317	2007	17	Black	None	NA	NA	NA	NA	Socal	Mostly PNP bird but rare forays to Socal possible so listed in both 	Yes
317	2008	17	Black	None	NA	NA	NA	NA	PNP	Mostly PNP bird but rare forays to Socal possible so listed in both 	Yes
317	2008	17	Black	3 dots	Black	Black	NA	NA	PNP	Mostly PNP bird but rare forays to Socal possible so listed in both 	Yes
317	2008	17	Black	None	NA	NA	NA	NA	Socal	Mostly PNP bird but rare forays to Socal possible so listed in both 	Yes
317	2008	17	Black	3 dots	Black	Black	NA	NA	Socal	Mostly PNP bird but rare forays to Socal possible so listed in both 	Yes
317	2009	17	Black	3 dots	Black	Black	NA	NA	PNP	Mostly PNP bird but rare forays to Socal possible so listed in both 	Yes
317	2009	17	Black	3 dots	Black	Black	NA	NA	Socal	Mostly PNP bird but rare forays to Socal possible so listed in both 	Yes
317	2010	17	Black	3 dots	Black	Black	NA	NA	PNP	Mostly PNP bird but rare forays to Socal possible so listed in both 	Yes
317	2010	17	Black	3 dots	Black	Black	NA	NA	Socal	Mostly PNP bird but rare forays to Socal possible so listed in both 	Yes
317	2011	17	Black	3 dots	No tag	Black	NA	NA	PNP	Mostly PNP bird but rare forays to Socal possible so listed in both 	Yes
317	2011	17	Black	3 dots	No tag	Black	NA	NA	Socal	Mostly PNP bird but rare forays to Socal possible so listed in both 	Yes
318	2006	18	White	3 dots	NA	NA	NA	NA	VWS	Overlap with 518 so not listed as possible vagrant to Socal	Yes	Added 7/20/14 based on photo observation (black may be wrong)
318	2006	18	Black	3 dots	NA	NA	NA	NA	VWS	Overlap with 518 so not listed as possible vagrant to Socal	Yes
318	2007	18	Black	3 dots	NA	NA	NA	NA	VWS	Overlap with 518 so not listed as possible vagrant to Socal	Yes
318	2008	18	Black	3 dots	NA	NA	NA	NA	VWS	Overlap with 518 so not listed as possible vagrant to Socal	Yes
318	2009	18	Black	3 dots	NA	NA	NA	NA	VWS	Overlap with 518 so not listed as possible vagrant to Socal	Yes
318	2010	18	Blue	None	NA	NA	NA	NA	VWS	Overlap with 518 so not listed as possible vagrant to Socal	Yes
318	2011	18	Blue	None	NA	NA	NA	NA	VWS	Overlap with 518 so not listed as possible vagrant to Socal	Yes
318	2012	18	Blue	None	NA	NA	NA	NA	VWS	Overlap with 518 so not listed as possible vagrant to Socal	Yes
326	2008	26	Black	3 dots	No tag	Black	None	None	Socal		Yes
326	2009	26	Blue	None	Blue	No tag	GPS	None	Socal		Yes
326	2010	26	Blue	None	Blue	No tag	GPS	None	Socal		Yes
326	2011	26	Blue	None	Blue	No tag	GPS	None	Socal		Yes
326	2012	26	Blue	None	Blue	No tag	GPS	None	Socal		Yes
326	2013	26	Blue	None	Blue	No tag	GPS	None	Socal		Yes
328	2008	28	Black	3 dots	Black	No tag	GPS	None	Socal		Yes
328	2009	28	Blue	None	Blue	No tag	None	None	Socal		Yes
328	2010	28	Blue	None	Blue	No tag	None	None	Socal		Yes
328	2011	28	Blue	None	No tag	Blue	None	GPS	Socal		Yes
328	2012	28	Blue	None	No tag	Blue	None	GPS	Socal		Yes
328	2013	28	Blue	None	No tag	Blue	None	None	Socal		Yes
330	2006	30	Black	None	NA	NA	NA	NA	PNP	Overlap with 630 so not listed as possible vagrant to Socal	Yes
330	2007	30	Black	None	NA	NA	NA	NA	PNP	Overlap with 630 so not listed as possible vagrant to Socal	Yes
330	2008	30	Black	None	NA	NA	NA	NA	PNP	Overlap with 630 so not listed as possible vagrant to Socal	Yes
330	2008	30	Black	3 dots	NA	NA	NA	NA	PNP	Overlap with 630 so not listed as possible vagrant to Socal	Yes
330	2009	30	Black	3 dots	Black	Black	NA	NA	PNP	Overlap with 630 so not listed as possible vagrant to Socal	Yes
330	2010	30	Black	3 dots	Black	Black	NA	NA	PNP	Overlap with 630 so not listed as possible vagrant to Socal	Yes
330	2011	30	Black	3 dots	No tag	Black	NA	NA	PNP	Overlap with 630 so not listed as possible vagrant to Socal	Yes
330	2012	30	Black	3 dots	No tag	Black	NA	NA	PNP	Overlap with 630 so not listed as possible vagrant to Socal	Yes
330	2013	30	Black	3 dots	No tag	Black	NA	NA	PNP	Overlap with 630 so not listed as possible vagrant to Socal	Yes
332	2006	32	Black	None	NA	NA	NA	NA	PNP	Overlap with 532 so not listed as possible vagrant to Socal	Yes
332	2007	32	Black	None	NA	NA	NA	NA	PNP	Overlap with 532 so not listed as possible vagrant to Socal	Yes
332	2008	32	Black	None	NA	NA	NA	NA	PNP	Overlap with 532 so not listed as possible vagrant to Socal	Yes
332	2008	32	Black	3 dots	NA	NA	NA	NA	PNP	Overlap with 532 so not listed as possible vagrant to Socal	Yes
332	2009	32	Black	3 dots	No tag	Black	NA	NA	PNP	Overlap with 532 so not listed as possible vagrant to Socal	Yes
332	2010	32	Black	3 dots	No tag	Black	NA	NA	PNP	Overlap with 532 so not listed as possible vagrant to Socal	Yes
332	2011	32	Black	3 dots	No tag	Black	NA	NA	PNP	Overlap with 532 so not listed as possible vagrant to Socal	Yes
332	2012	32	Black	3 dots	No tag	Black	NA	NA	PNP	Overlap with 532 so not listed as possible vagrant to Socal	Yes
332	2013	32	Black	3 dots	No tag	Black	NA	NA	PNP	Overlap with 532 so not listed as possible vagrant to Socal	Yes
335	2006	35	Black	None	NA	NA	NA	NA	PNP	Mostly PNP bird but rare forays to Socal possible so listed in both 	Yes
335	2006	35	Black	None	NA	NA	NA	NA	Socal	Mostly PNP bird but rare forays to Socal possible so listed in both 	Yes
335	2007	35	Black	None	NA	NA	NA	NA	PNP	Mostly PNP bird but rare forays to Socal possible so listed in both 	Yes
335	2007	35	Black	None	NA	NA	NA	NA	Socal	Mostly PNP bird but rare forays to Socal possible so listed in both 	Yes
335	2008	35	Black	None	NA	NA	NA	NA	PNP	Mostly PNP bird but rare forays to Socal possible so listed in both 	Yes
335	2008	35	Black	None	NA	NA	NA	NA	Socal	Mostly PNP bird but rare forays to Socal possible so listed in both 	Yes
335	2009	35	Black	None	Black	Black	NA	NA	PNP	Mostly PNP bird but rare forays to Socal possible so listed in both 	Yes
335	2009	35	Black	3 dots	Black	Black	NA	NA	PNP	Mostly PNP bird but rare forays to Socal possible so listed in both 	Yes
335	2009	35	Black	None	Black	Black	NA	NA	Socal	Mostly PNP bird but rare forays to Socal possible so listed in both 	Yes
335	2009	35	Black	3 dots	Black	Black	NA	NA	Socal	Mostly PNP bird but rare forays to Socal possible so listed in both 	Yes
335	2010	35	Black	3 dots	Black	Black	NA	NA	PNP	Mostly PNP bird but rare forays to Socal possible so listed in both 	Yes
335	2010	35	Black	3 dots	Black	Black	NA	NA	Socal	Mostly PNP bird but rare forays to Socal possible so listed in both 	Yes
335	2011	35	Black	3 dots	Black	Black	NA	NA	PNP	Mostly PNP bird but rare forays to Socal possible so listed in both 	Yes
335	2011	35	Black	3 dots	Black	Black	NA	NA	Socal	Mostly PNP bird but rare forays to Socal possible so listed in both 	Yes
335	2012	35	Black	3 dots	Black	Black	NA	NA	PNP	Mostly PNP bird but rare forays to Socal possible so listed in both 	Yes
335	2012	35	Black	3 dots	Black	Black	NA	NA	Socal	Mostly PNP bird but rare forays to Socal possible so listed in both 	Yes
335	2013	35	Black	3 dots	Black	Black	NA	NA	PNP	Mostly PNP bird but rare forays to Socal possible so listed in both 	Yes
335	2013	35	Black	3 dots	Black	Black	NA	NA	Socal	Mostly PNP bird but rare forays to Socal possible so listed in both 	Yes
336	2006	36	Black	None	NA	NA	NA	NA	PNP	Overlap with 536 so not listed as possible vagrant to Socal	Yes
336	2006	36	Black	3 dots	NA	NA	NA	NA	PNP	Overlap with 536 so not listed as possible vagrant to Socal	Yes
336	2007	36	Black	None	NA	NA	NA	NA	PNP	Overlap with 536 so not listed as possible vagrant to Socal	Yes
336	2007	36	Black	3 dots	NA	NA	NA	NA	PNP	Overlap with 536 so not listed as possible vagrant to Socal	Yes
336	2008	36	Black	None	NA	NA	NA	NA	PNP	Overlap with 536 so not listed as possible vagrant to Socal	Yes
336	2008	36	Black	3 dots	NA	NA	NA	NA	PNP	Overlap with 536 so not listed as possible vagrant to Socal	Yes
340	2006	40	Black	None	NA	NA	NA	NA	PNP	Mostly PNP bird but rare forays to Socal possible so listed in both 	Yes
340	2006	40	Black	None	NA	NA	NA	NA	Socal	Mostly PNP bird but rare forays to Socal possible so listed in both 	Yes
340	2007	40	Black	None	NA	NA	NA	NA	PNP	Mostly PNP bird but rare forays to Socal possible so listed in both 	Yes
340	2007	40	Black	None	NA	NA	NA	NA	Socal	Mostly PNP bird but rare forays to Socal possible so listed in both 	Yes
340	2008	40	Black	None	NA	NA	NA	NA	PNP	Mostly PNP bird but rare forays to Socal possible so listed in both 	Yes
340	2008	40	Black	3 dots	NA	NA	NA	NA	PNP	Mostly PNP bird but rare forays to Socal possible so listed in both 	Yes
340	2008	40	Black	None	NA	NA	NA	NA	Socal	Mostly PNP bird but rare forays to Socal possible so listed in both 	Yes
340	2008	40	Black	3 dots	NA	NA	NA	NA	Socal	Mostly PNP bird but rare forays to Socal possible so listed in both 	Yes
340	2009	40	Black	3 dots	Black	Black	NA	NA	PNP	Mostly PNP bird but rare forays to Socal possible so listed in both 	Yes
340	2009	40	Black	3 dots	Black	Black	NA	NA	Socal	Mostly PNP bird but rare forays to Socal possible so listed in both 	Yes
340	2010	40	Black	3 dots	Black	Black	NA	NA	PNP	Mostly PNP bird but rare forays to Socal possible so listed in both 	Yes
340	2010	40	Black	3 dots	Black	Black	NA	NA	Socal	Mostly PNP bird but rare forays to Socal possible so listed in both 	Yes
340	2011	40	Black	3 dots	Black	Black	NA	NA	PNP	Mostly PNP bird but rare forays to Socal possible so listed in both 	Yes
340	2011	40	Black	3 dots	Black	Black	NA	NA	Socal	Mostly PNP bird but rare forays to Socal possible so listed in both 	Yes
340	2012	40	Black	3 dots	Black	Black	NA	NA	PNP	Mostly PNP bird but rare forays to Socal possible so listed in both 	Yes
340	2012	40	Black	3 dots	Black	Black	NA	NA	Socal	Mostly PNP bird but rare forays to Socal possible so listed in both 	Yes
340	2013	40	Black	3 dots	Black	Black	NA	NA	PNP	Mostly PNP bird but rare forays to Socal possible so listed in both 	Yes
340	2013	40	Black	3 dots	Black	Black	NA	NA	Socal	Mostly PNP bird but rare forays to Socal possible so listed in both 	Yes
345	2006	45	Black	None	Black	Black	NA	NA	PNP	Mostly PNP bird but rare forays to Socal possible so listed in both 	Yes
345	2006	45	Black	None	Black	Black	NA	NA	Socal	Mostly PNP bird but rare forays to Socal possible so listed in both 	Yes
345	2007	45	Black	None	Black	Black	NA	NA	PNP	Mostly PNP bird but rare forays to Socal possible so listed in both 	Yes
345	2007	45	Black	None	Black	Black	NA	NA	Socal	Mostly PNP bird but rare forays to Socal possible so listed in both 	Yes
345	2008	45	Black	None	Black	Black	NA	NA	PNP	Mostly PNP bird but rare forays to Socal possible so listed in both 	Yes
345	2008	45	Black	3 dots	Black	Black	NA	NA	PNP	Mostly PNP bird but rare forays to Socal possible so listed in both 	Yes
345	2008	45	Black	None	Black	Black	NA	NA	Socal	Mostly PNP bird but rare forays to Socal possible so listed in both 	Yes
345	2008	45	Black	3 dots	Black	Black	NA	NA	Socal	Mostly PNP bird but rare forays to Socal possible so listed in both 	Yes
345	2009	45	Black	3 dots	Black	Black	NA	NA	PNP	Mostly PNP bird but rare forays to Socal possible so listed in both 	Yes
345	2009	45	Black	3 dots	Black	Black	NA	NA	Socal	Mostly PNP bird but rare forays to Socal possible so listed in both 	Yes
345	2010	45	Black	3 dots	Black	Black	NA	NA	PNP	Mostly PNP bird but rare forays to Socal possible so listed in both 	Yes
345	2010	45	Black	3 dots	Black	Black	NA	NA	Socal	Mostly PNP bird but rare forays to Socal possible so listed in both 	Yes
345	2011	45	Black	3 dots	Black	Black	NA	NA	PNP	Mostly PNP bird but rare forays to Socal possible so listed in both 	Yes
345	2011	45	Black	3 dots	Black	Black	NA	NA	Socal	Mostly PNP bird but rare forays to Socal possible so listed in both 	Yes
345	2012	45	Black	3 dots	Black	Black	NA	NA	PNP	Mostly PNP bird but rare forays to Socal possible so listed in both 	Yes
345	2012	45	Black	3 dots	Black	Black	NA	NA	Socal	Mostly PNP bird but rare forays to Socal possible so listed in both 	Yes
345	2013	45	Black	3 dots	Black	Black	NA	NA	PNP	Mostly PNP bird but rare forays to Socal possible so listed in both 	Yes
345	2013	45	Black	3 dots	Black	Black	NA	NA	Socal	Mostly PNP bird but rare forays to Socal possible so listed in both 	Yes
351	2006	51	Black	None	NA	NA	NA	NA	PNP	Mostly PNP bird but rare forays to Socal possible so listed in both 	Yes
351	2006	51	Black	None	NA	NA	NA	NA	Socal	Mostly PNP bird but rare forays to Socal possible so listed in both 	Yes
351	2007	51	Black	None	NA	NA	NA	NA	PNP	Mostly PNP bird but rare forays to Socal possible so listed in both 	Yes
351	2007	51	Black	None	NA	NA	NA	NA	Socal	Mostly PNP bird but rare forays to Socal possible so listed in both 	Yes
351	2008	51	Black	None	NA	NA	NA	NA	PNP	Mostly PNP bird but rare forays to Socal possible so listed in both 	Yes
351	2008	51	Black	None	NA	NA	NA	NA	Socal	Mostly PNP bird but rare forays to Socal possible so listed in both 	Yes
351	2009	51	Black	None	NA	NA	NA	NA	PNP	Mostly PNP bird but rare forays to Socal possible so listed in both 	Yes
351	2009	51	Black	3 dots	Black	Black	NA	NA	PNP	Mostly PNP bird but rare forays to Socal possible so listed in both 	Yes
351	2009	51	Black	None	NA	NA	NA	NA	Socal	Mostly PNP bird but rare forays to Socal possible so listed in both 	Yes
351	2009	51	Black	3 dots	Black	Black	NA	NA	Socal	Mostly PNP bird but rare forays to Socal possible so listed in both 	Yes
351	2010	51	Black	3 dots	Black	Black	NA	NA	PNP	Mostly PNP bird but rare forays to Socal possible so listed in both 	Yes
351	2010	51	Black	3 dots	Black	Black	NA	NA	Socal	Mostly PNP bird but rare forays to Socal possible so listed in both 	Yes
351	2011	51	Black	3 dots	Black	Black	NA	NA	PNP	Mostly PNP bird but rare forays to Socal possible so listed in both 	Yes
351	2011	51	Black	3 dots	Black	Black	NA	NA	Socal	Mostly PNP bird but rare forays to Socal possible so listed in both 	Yes
351	2012	51	Black	3 dots	Black	Black	NA	NA	PNP	Mostly PNP bird but rare forays to Socal possible so listed in both 	Yes
351	2012	51	Black	3 dots	Black	Black	NA	NA	Socal	Mostly PNP bird but rare forays to Socal possible so listed in both 	Yes
351	2013	51	Black	3 dots	Black	No tag	NA	NA	PNP	Mostly PNP bird but rare forays to Socal possible so listed in both 	Yes
351	2013	51	Black	3 dots	Black	No tag	NA	NA	Socal	Mostly PNP bird but rare forays to Socal possible so listed in both 	Yes
356	2006	56	Black	3 dots	NA	NA	NA	NA	VWS	Mostly VWS bird but rare forays to Socal possible so listed in both. Released 6/4/06	Yes
356	2006	56	Black	3 dots	NA	NA	NA	NA	VWS	Mostly VWS bird but rare forays to Socal possible so listed in both. Released 6/4/06	Yes
356	2007	56	Black	3 dots	NA	NA	NA	NA	VWS	Mostly VWS bird but rare forays to Socal possible so listed in both. Released 6/4/06	Yes
356	2007	56	Black	3 dots	NA	NA	NA	NA	VWS	Mostly VWS bird but rare forays to Socal possible so listed in both. Released 6/4/06	Yes
358	2008	58	Black	3 dots	No tag	Black	None	None	Socal		Yes
358	2009	58	Black	3 dots	No tag	Black	None	None	Socal		Yes
360	2008	60	Black	3 dots	Black	No tag	None	None	Socal		Yes
360	2009	60	Blue	None	Blue	Blue	None	VHF	Socal		Yes
360	2010	60	Blue	None	Blue	No tag	None	None	Socal		Yes
360	2011	60	Blue	None	Blue	No tag	GPS	None	Socal		Yes
360	2012	60	Blue	None	Blue	No tag	GPS	None	Socal		Yes
360	2013	60	Blue	None	Blue	No tag	GPS	None	Socal		Yes
364	2008	64	Black	3 dots	No tag	Black	None	None	Socal		Yes
364	2009	64	Blue	None	No tag	Blue	None	None	Socal		Yes
364	2010	64	Blue	None	No tag	Blue	None	None	Socal		Yes
364	2011	64	Blue	None	Blue	No tag	GPS	None	Socal		Yes
365	2008	65	Black	3 dots	Black	No tag	None	None	Socal		Yes
365	2009	65	Blue	None	Blue	No tag	None	None	Socal		Yes
365	2010	65	Blue	None	Blue	No tag	GPS	None	Socal		Yes
365	2011	65	Blue	None	Blue	No tag	None	None	Socal		Yes
365	2012	65	Blue	None	Blue	No tag	None	None	Socal		Yes
365	2013	65	Blue	None	Blue	No tag	None	None	Socal		Yes
369	2008	69	Black	3 dots	Black	No tag	None	None	Socal		Yes
369	2008	69	Red	None	Black	No tag	None	None	Socal		Yes
369	2009	69	Blue	None	Blue	Blue	VHF	GPS	Socal		Yes
369	2009	69	Red	None	Black	No tag	None	None	Socal		Yes
369	2010	69	Blue	None	No tag	Blue	None	GPS	Socal		Yes
369	2011	69	Blue	None	No tag	Blue	None	GPS	Socal		Yes
369	2012	69	Blue	None	No tag	Blue	None	GPS	Socal		Yes
369	2013	69	Blue	None	Blue	No tag	None	None	Socal		Yes
370	2008	70	Black	3 dots	No tag	Black	None	VHF	Socal		Yes
370	2009	70	Blue	None	No tag	Blue	GPS	None	Socal		Yes
370	2010	70	Blue	None	No tag	Blue	None	GPS	Socal		Yes
370	2011	70	Blue	None	No tag	Blue	None	GPS	Socal		Yes
370	2012	70	Blue	None	No tag	Blue	None	GPS	Socal		Yes
370	2013	70	Blue	None	No tag	Blue	None	GPS	Socal		Yes
374	2008	74	Black	3 dots	No tag	Black	None	VHF	Socal		Yes
374	2009	74	Blue	None	Blue	No tag	VHF	None	Socal		Yes
374	2010	74	Blue	None	No tag	Blue	None	GPS	Socal		Yes
374	2011	74	Blue	None	No tag	Blue	None	None	Socal		Yes
374	2012	74	Blue	None	No tag	Blue	None	None	Socal		Yes
374	2013	74	Blue	None	No tag	Blue	None	None	Socal		Yes
375	2006	75	Black	3 dots	NA	NA	NA	NA	Socal	Mostly VWS bird but rare forays to Socal possible so listed in both. Released 6/4/06	Yes
375	2006	75	Black	3 dots	NA	NA	NA	NA	VWS	Mostly VWS bird but rare forays to Socal possible so listed in both. Released 6/4/06	Yes
375	2007	75	Black	3 dots	NA	NA	NA	NA	Socal	Mostly VWS bird but rare forays to Socal possible so listed in both. Released 6/4/06	Yes
375	2007	75	Black	3 dots	NA	NA	NA	NA	VWS	Mostly VWS bird but rare forays to Socal possible so listed in both. Released 6/4/06	Yes
375	2008	75	Black	3 dots	NA	NA	NA	NA	Socal	Mostly VWS bird but rare forays to Socal possible so listed in both. Released 6/4/06	Yes
375	2008	75	Black	3 dots	NA	NA	NA	NA	VWS	Mostly VWS bird but rare forays to Socal possible so listed in both. Released 6/4/06	Yes
375	2009	75	Black	3 dots	NA	NA	NA	NA	Socal	Mostly VWS bird but rare forays to Socal possible so listed in both. Released 6/4/06	Yes
375	2009	75	Black	3 dots	NA	NA	NA	NA	VWS	Mostly VWS bird but rare forays to Socal possible so listed in both. Released 6/4/06	Yes
375	2010	75	Blue	None	Blue	Blue	NA	NA	Socal	Mostly VWS bird but rare forays to Socal possible so listed in both. Released 6/4/06	Yes
375	2010	75	Blue	None	Blue	Blue	NA	NA	VWS	Mostly VWS bird but rare forays to Socal possible so listed in both. Released 6/4/06	Yes
375	2011	75	Blue	None	Blue	Blue	NA	NA	Socal	Mostly VWS bird but rare forays to Socal possible so listed in both. Released 6/4/06	Yes
375	2011	75	Blue	None	Blue	Blue	NA	NA	VWS	Mostly VWS bird but rare forays to Socal possible so listed in both. Released 6/4/06	Yes
375	2012	75	Blue	None	Blue	Blue	NA	NA	Socal	Mostly VWS bird but rare forays to Socal possible so listed in both. Released 6/4/06	Yes
375	2012	75	Blue	None	Blue	Blue	NA	NA	VWS	Mostly VWS bird but rare forays to Socal possible so listed in both. Released 6/4/06	Yes
375	2013	75	Blue	None	Blue	Blue	NA	NA	Socal	Mostly VWS bird but rare forays to Socal possible so listed in both. Released 6/4/06	Yes
375	2013	75	Blue	None	Blue	Blue	NA	NA	VWS	Mostly VWS bird but rare forays to Socal possible so listed in both. Released 6/4/06	Yes
377	2006	77	Black	None	NA	NA	NA	NA	Socal	Released 6/3/06	Yes
377	2006	77	Black	None	NA	NA	NA	NA	VWS	Mostly VWS bird but rare forays to Socal possible so listed in both. Released 6/3/06	Yes
377	2007	77	Black	None	NA	NA	NA	NA	Socal	Mostly VWS bird but rare forays to Socal possible so listed in both. Released 6/3/06	Yes
377	2007	77	Black	None	NA	NA	NA	NA	VWS	Mostly VWS bird but rare forays to Socal possible so listed in both. Released 6/3/06	Yes
377	2008	77	Black	None	NA	NA	NA	NA	Socal	Mostly VWS bird but rare forays to Socal possible so listed in both. Released 6/3/06	Yes
377	2008	77	Black	None	NA	NA	NA	NA	VWS	Mostly VWS bird but rare forays to Socal possible so listed in both. Released 6/3/06	Yes
397	2008	97	Black	3 dots	Black	No tag	VHF	None	Socal		Yes
397	2009	97	Blue	None	Blue	No tag	None	None	Socal		Yes
397	2010	97	Blue	None	Blue	No tag	None	None	Socal		Yes
400	2007	0	Black	underline	NA	NA	NA	NA	PNP	Released 4/24/07	Yes
400	2008	0	Black	underline	NA	NA	NA	NA	PNP		Yes
400	2009	0	Black	underline	NA	NA	NA	NA	PNP		Yes
400	2010	0	Black	underline	Black	Black	NA	NA	PNP		Yes
400	2010	0	White	None	White	No tag	NA	NA	PNP		Yes
400	2011	0	White	None	White	No tag	NA	NA	PNP		Yes
400	2012	0	White	None	White	White	NA	NA	PNP		Yes
400	2013	0	White	None	White	No tag	NA	NA	PNP		Yes
400	2013	00	White	None	White	No tag	NA	NA	PNP		Yes
401	2007	01	Black	underline	NA	NA	NA	NA	PNP	Released 4/24/07	Yes
401	2008	01	Black	underline	NA	NA	NA	NA	PNP		Yes
401	2009	01	Black	underline	Black	Black	NA	NA	PNP		Yes
401	2010	01	Black	underline	Black	Black	NA	NA	PNP		Yes
401	2010	1	White	None	No tag	White	NA	NA	PNP		Yes
401	2011	1	White	None	No tag	White	NA	NA	PNP		Yes
401	2012	1	White	None	White	No tag	NA	NA	PNP		Yes
401	2013	1	White	None	White	No tag	NA	NA	PNP		Yes
402	2008	2	Black	4 dots	Black	No tag	VHF	None	Socal	Released 11/7/07, died 1/9/08.	Yes
405	2007	5	Black	underline	NA	NA	NA	NA	PNP		Yes
405	2007	05	Black	underline	NA	NA	NA	NA	PNP	Released 8/21/07	Yes
405	2008	5	Black	underline	NA	NA	NA	NA	PNP		Yes
405	2008	05	Black	underline	NA	NA	NA	NA	PNP		Yes
405	2009	5	Black	underline	Black	Black	NA	NA	PNP		Yes
405	2009	05	Black	underline	Black	Black	NA	NA	PNP		Yes
405	2010	5	Black	underline	Black	Black	NA	NA	PNP		Yes
405	2010	05	Black	underline	Black	Black	NA	NA	PNP		Yes
405	2010	5	White	None	White	White	NA	NA	PNP		Yes
405	2010	05	White	None	White	White	NA	NA	PNP		Yes
405	2011	5	White	None	White	No tag	NA	NA	PNP		Yes
405	2011	05	White	None	White	No tag	NA	NA	PNP		Yes
405	2012	5	White	None	White	No tag	NA	NA	PNP		Yes
405	2012	05	White	None	White	No tag	NA	NA	PNP		Yes
405	2013	5	White	None	White	No tag	NA	NA	PNP		Yes
405	2013	05	White	None	White	No tag	NA	NA	PNP		Yes
408	2008	8	Black	4 dots	Black	No tag	None	None	Socal		Yes
408	2009	8	White	None	No tag	White	None	None	Socal		Yes
408	2010	8	White	None	White	No tag	GPS	None	Socal		Yes
411	2007	11	Black	underline	NA	NA	NA	NA	PNP	Release 8/22/07	Yes
411	2008	11	Black	underline	NA	NA	NA	NA	PNP		Yes
411	2009	11	Black	underline	Black	Black	NA	NA	PNP		Yes
411	2010	11	Black	underline	Black	Black	NA	NA	PNP		Yes
411	2010	11	White	none	White	White	NA	NA	PNP		Yes
411	2011	11	White	none	White	White	NA	NA	PNP		Yes
411	2012	11	White	none	White	White	NA	NA	PNP		Yes
411	2013	11	White	none	No tag	White	NA	NA	PNP		Yes
412	2008	12	Black	4 dots	No tag	Black	None	GPS	Socal		Yes
412	2009	12	White	None	No tag	White	None	None	Socal		Yes
412	2010	12	White	None	White	No tag	None	None	Socal		Yes
417	2007	-7	Black	underline	NA	NA	NA	NA	PNP		Yes
418	2008	-8	Black	underline	NA	NA	NA	NA	PNP		Yes
418	2008	18	Black	4 dots	NA	NA	NA	NA	PNP		Yes
418	2009	-8	Black	underline	Black	Black	NA	NA	PNP		Yes
418	2009	18	Black	4 dots	Black	Black	NA	NA	PNP		Yes
418	2009	18	Black	underline	Black	Black	NA	NA	PNP		Yes
418	2010	18	Black	underline	Black	Black	NA	NA	PNP		Yes
418	2010	18	White	None	No tag	White	NA	NA	PNP		Yes
418	2011	18	White	None	No tag	White	NA	NA	PNP		Yes
418	2012	18	White	None	No tag	White	NA	NA	PNP		Yes
418	2013	18	White	None	No tag	White	NA	NA	PNP		Yes
421	2009	21	Black	underline	NA	NA	NA	NA	PNP		Yes
421	2010	21	Black	underline	NA	NA	NA	NA	PNP		Yes
422	2009	22	Black	underline	Black	Black	NA	NA	PNP		Yes
428	2008	28	White	4 dots	No tag	White	None	GPS	Socal		Yes
428	2009	28	White	None	White	White	GPS	None	Socal		Yes
428	2010	28	White	None	White	No tag	GPS	None	Socal		Yes
428	2011	28	White	None	White	No tag	GPS	None	Socal		Yes
428	2012	28	White	None	White	No tag	GPS	None	Socal		Yes
428	2013	28	White	None	White	No tag	GPS	None	Socal		Yes
431	2008	31	Black	underline	NA	NA	NA	NA	PNP		Yes
431	2009	31	Black	underline	Black	Black	NA	NA	PNP		Yes
431	2010	31	Black	underline	Black	Black	NA	NA	PNP		Yes
431	2010	31	White	None	White	No tag	NA	NA	PNP		Yes
431	2011	31	White	None	White	No tag	NA	NA	PNP		Yes
431	2012	31	White	None	White	No tag	NA	NA	PNP		Yes
431	2013	31	White	None	White	No tag	NA	NA	PNP		Yes
438	2008	38	Black	underline	NA	NA	NA	NA	PNP		Yes
438	2009	38	Black	underline	NA	NA	NA	NA	PNP		Yes
438	2010	38	Black	underline	Black	Black	NA	NA	PNP		Yes
438	2010	38	White	None	White	White	NA	NA	PNP		Yes
438	2011	38	White	None	White	White	NA	NA	PNP		Yes
438	2012	38	White	None	White	No tag	NA	NA	PNP		Yes
438	2013	38	White	None	White	No tag	NA	NA	PNP		Yes
444	2007	44	White	None	No tag	White	NA	NA	VWS	Hatched in wild	Yes
444	2008	44	White	None	No tag	White	NA	NA	VWS		Yes
444	2009	44	White	None	No tag	White	NA	NA	VWS		Yes
444	2010	44	White	None	No tag	White	NA	NA	VWS		Yes
444	2010	44	Black	None	No tag	White	NA	NA	VWS		Yes	added 7/22/14 based on photo obs and email from R Wohlstenholme. Black tag may have been worn in more years than this, but definitely in this year, which should resolve CW IDs
444	2011	44	White	None	No tag	White	NA	NA	VWS		Yes
444	2012	44	White	None	No tag	White	NA	NA	VWS		Yes
444	2013	44	White	None	No tag	White	NA	NA	VWS		Yes
448	2008	48	Black	underline	NA	NA	NA	NA	PNP	Released 1/6/08	Yes
448	2009	48	Black	underline	Black	Black	NA	NA	PNP		Yes
448	2010	48	Black	underline	Black	Black	NA	NA	PNP		Yes
448	2010	48	White	None	White	No tag	NA	NA	PNP		Yes
448	2011	48	White	None	White	No tag	NA	NA	PNP		Yes
448	2012	48	White	None	White	No tag	NA	NA	PNP		Yes
448	2013	48	White	None	White	No tag	NA	NA	PNP		Yes
449	2008	49	White	4 dots	White	No tag	None	None	Socal	Hatched in wild	Yes
449	2009	49	White	None	White	No tag	None	None	Socal		Yes
449	2010	49	White	None	White	No tag	None	None	Socal		Yes
449	2011	49	White	None	No tag	White	None	GPS	Socal		Yes
449	2012	49	White	None	No tag	White	None	GPS	Socal		Yes
449	2013	49	White	None	No tag	White	None	GPS	Socal		Yes
450	2008	50	White	4 dots	No tag	White	None	None	Socal	Hatched in wild	Yes
451	2008	V1	Black	underline	NA	NA	NA	NA	PNP	Released 11/6/08	Yes
451	2009	V1	Black	underline	Black	Black	NA	NA	PNP		Yes
451	2010	51	White	None	White	White	NA	NA	PNP		Yes
451	2010	[blank]	Black	None	Black	No tag	NA	NA	PNP		Yes
451	2010	V1	Black	underline	Black	Black	NA	NA	PNP		Yes
451	2011	51	White	None	White	White	NA	NA	PNP		Yes
451	2012	51	White	None	White	White	NA	NA	PNP		Yes
451	2013	51	White	None	White	No tag	NA	NA	PNP		Yes
452	2008	52	Black	4 dots	Black	No tag	VHF	None	Socal	Released 11/28/08	Yes
452	2009	52	White	None	White	No tag	None	None	Socal		Yes
452	2010	52	White	None	No tag	White	None	None	Socal		Yes
452	2011	52	White	None	No tag	White	None	None	Socal		Yes
452	2012	52	White	None	No tag	White	None	None	Socal		Yes
452	2013	52	White	None	No tag	White	None	None	Socal		Yes
457	2008	57	Black	4 dots	Black	No tag	VHF	None	Socal	Released 10/7/08	Yes
457	2009	57	White	None	White	No tag	VHF	None	Socal		Yes
457	2010	57	White	None	No tag	White	None	None	Socal		Yes
457	2011	57	White	None	White	No tag	None	None	Socal		Yes
457	2012	57	White	None	White	No tag	None	None	Socal		Yes
457	2013	57	White	None	White	No tag	None	None	Socal		Yes
458	2008	58	Black	4 dots	Black	No tag	VHF	None	Socal	Released 9/23/08	Yes
458	2009	58	White	None	No tag	White	None	VHF	Socal		Yes
458	2010	58	White	None	No tag	White	None	None	Socal		Yes
460	2009	60	Black	underline	Black	Black	NA	NA	PNP		Yes
460	2010	60	White	None	White	No tag	NA	NA	PNP		Yes
460	2011	60	White	None	White	No tag	NA	NA	PNP		Yes
460	2012	60	White	None	White	White	NA	NA	PNP		Yes
460	2013	60	White	None	White	White	NA	NA	PNP		Yes
462	2008	62	Black	4 dots	Black	No tag	VHF	None	Socal	Hatched in wild	Yes
462	2009	62	White	None	White	No tag	GPS	None	Socal		Yes
462	2010	62	White	None	White	No tag	None	None	Socal		Yes
462	2011	62	White	None	White	No tag	None	None	Socal		Yes
462	2012	62	White	None	White	No tag	None	None	Socal		Yes
462	2013	62	White	None	White	No tag	None	None	Socal		Yes
463	2009	63	Black	underline	Black	Black	NA	NA	PNP	Released 11/24/09	Yes
463	2010	63	Black	underline	Black	Black	NA	NA	PNP		Yes
463	2010	63	White	None	No tag	White	NA	NA	PNP		Yes
463	2011	63	White	None	No tag	White	NA	NA	PNP		Yes
463	2012	63	White	None	No tag	White	NA	NA	PNP		Yes
463	2013	63	White	None	No tag	White	NA	NA	PNP		Yes
467	2009	67	White	None	White	No tag	GPS	None	Socal	Released 12/2/09	Yes
467	2010	67	White	None	White	No tag	None	None	Socal		Yes
467	2011	67	White	None	White	No tag	None	None	Socal		Yes
467	2012	67	White	None	White	No tag	None	None	Socal		Yes
467	2013	67	White	None	No tag	White	None	None	Socal		Yes
470	2008	70	White	None	No tag	White	NA	NA	VWS	Hatched in wild	Yes
470	2009	70	White	None	No tag	White	NA	NA	VWS		Yes
470	2010	70	White	None	No tag	White	NA	NA	VWS		Yes
470	2011	70	White	None	No tag	White	NA	NA	VWS		Yes
470	2012	70	White	None	No tag	White	NA	NA	VWS		Yes
470	2013	70	White	None	No tag	White	NA	NA	VWS		Yes
474	2008	"2 ""huya"""	Black	"2 ""huya"""	Black	No tag	VHF	None	Socal	Hatched in wild	Yes
474	2009	"2 ""huya"""	Black	"2 ""huya"""	Black	No tag	VHF	None	Socal		Yes
475	2008	75	White	NA	NA	NA	NA	NA	VWS	Hatched in wild	Yes
477	2008	77	White	None	No tag	White	NA	NA	VWS	Hatched in wild	Yes
477	2009	77	White	None	No tag	White	NA	NA	VWS		Yes
477	2010	77	White	None	No tag	White	NA	NA	VWS		Yes
477	2011	77	White	None	No tag	White	NA	NA	VWS		Yes
477	2012	77	White	None	No tag	White	NA	NA	VWS		Yes
477	2013	77	White	None	No tag	White	NA	NA	VWS		Yes
478	2009	78	Black	underline	Black	No tag	NA	NA	PNP	Released 10/3/09	Yes
478	2010	78	Black	underline	Black	No tag	NA	NA	PNP		Yes
478	2010	78	White	None	White	White	NA	NA	PNP		Yes
478	2011	78	White	None	White	White	NA	NA	PNP		Yes
478	2012	78	White	None	White	White	NA	NA	PNP		Yes
480	2009	80	White	None	No tag	White	None	VHF	Socal	Released 9/29/09	Yes
480	2010	80	White	None	White	No tag	None	None	Socal		Yes
480	2011	80	White	None	White	No tag	None	None	Socal		Yes
480	2012	80	White	None	White	No tag	None	None	Socal		Yes
480	2013	80	White	None	White	No tag	None	None	Socal		Yes
481	2009	81	Black	underline	Black	Black	NA	NA	PNP	Released 9/26/09	Yes
481	2010	81	Black	underline	Black	Black	NA	NA	PNP		Yes
481	2010	81	White	None	White	White	NA	NA	PNP		Yes
481	2011	81	White	None	White	White	NA	NA	PNP		Yes
481	2012	81	White	None	No tag	White	NA	NA	PNP		Yes
481	2013	81	White	None	White	White	NA	NA	PNP		Yes
482	2009	82	Black	None	Black	No tag	None	None	Socal	Hatched in wild	Yes
482	2010	82	White	None	No tag	White	None	GPS	Socal		Yes
482	2011	82	White	None	No tag	White	None	GPS	Socal		Yes
482	2012	82	White	None	No tag	White	None	GPS	Socal		Yes
482	2013	82	White	None	No tag	White	None	GPS	Socal		Yes
483	2009	3 FW	White	None	No tag	White	None	GPS	Socal	Released 11/11/09	Yes
483	2010	83	White	None	No tag	White	None	None	Socal		Yes
483	2011	83	White	None	No tag	White	None	None	Socal		Yes
483	2012	83	White	None	No tag	White	None	None	Socal		Yes
483	2013	83	White	None	No tag	White	None	None	Socal		Yes
487	2009	87	White	None	No tag	White	None	VHF	Socal		Yes
487	2010	87	White	None	No tag	White	None	None	Socal		Yes
487	2011	87	White	None	No tag	White	None	None	Socal		Yes
487	2012	87	White	None	No tag	White	None	None	Socal		Yes
487	2013	87	White	None	No tag	White	None	None	Socal		Yes
489	2008	4	Black	None	Black	No tag	VHF	None	Socal	Hatched in wild	Yes
489	2009	89	White	None	White	No tag	GPS	None	Socal		Yes
489	2010	89	White	None	No tag	White	None	GPS	Socal		Yes
489	2011	89	White	None	No tag	White	None	GPS	Socal		Yes
489	2012	89	White	None	No tag	White	None	GPS	Socal		Yes
489	2013	89	White	None	No tag	White	None	GPS	Socal		Yes
493	2008	5	Black	None	Black	No tag	VHF	None	Socal		Yes
493	2009	93	White	None	No tag	White	None	GPS	Socal		Yes
493	2010	93	White	None	No tag	White	None	VHF	Socal		Yes
493	2011	93	White	None	White	No tag	None	None	Socal		Yes
493	2012	93	White	None	White	No tag	None	None	Socal		Yes
493	2013	93	White	None	White	No tag	None	None	Socal		Yes
499	2009	99	White	None	NA	NA	NA	NA	VWS	Hatched in wild	Yes
499	2010	99	White	None	NA	NA	NA	NA	VWS		Yes
499	2011	99	White	None	NA	NA	NA	NA	VWS		Yes
501	2009	1	Black	None	No tag	Black	NA	NA	VWS	Hatched in wild	Yes
501	2010	1	Black	None	No tag	Black	NA	NA	VWS		Yes
501	2011	1	Black	None	No tag	Black	NA	NA	VWS		Yes
501	2012	1	Black	None	No tag	Black	NA	NA	VWS		Yes
501	2013	1	Black	None	No tag	Black	NA	NA	VWS		Yes
507	2010	7	Black	None	Black	Black	None	None	Socal		Yes
507	2011	7	Black	None	No tag	Black	None	GPS	Socal		Yes
507	2012	7	Black	None	No tag	Black	None	GPS	Socal		Yes
507	2013	7	Black	None	No tag	Black	None	GPS	Socal		Yes
509	2009	9	Black	None	Black	No tag	VHF	None	Socal		Yes
509	2010	9	Black	None	Black	No tag	GPS	None	Socal		Yes
509	2011	9	Black	None	Black	No tag	GPS	None	Socal		Yes
509	2012	9	Black	None	Black	No tag	None	None	Socal		Yes
509	2013	9	Black	None	Black	No tag	None	None	Socal		Yes
511	2010	11	Black	None	Black	No tag	None	GPS	Socal		Yes
512	2011	12	Black	None	No tag	Black	None	None	Socal		Yes
512	2012	12	Black	None	No tag	Black	None	None	Socal		Yes
513	2010	13	Black	None	No tag	Black	None	None	Socal		Yes
513	2011	13	Black	None	No tag	Black	None	GPS	Socal		Yes
513	2012	13	Black	None	No tag	Black	None	GPS	Socal		Yes
513	2013	13	Black	None	No tag	Black	None	GPS	Socal		Yes
514	2010	14	Black	underline	No tag	Black	NA	NA	PNP		Yes
514	2010	A4	Black	None	Black	No tag	NA	NA	PNP		Yes
514	2011	14	Black	None	Black	Black	NA	NA	PNP		Yes
514	2011	14	Black	underline	Black	Black	NA	NA	PNP		Yes
514	2012	14	Black	None	Black	Black	NA	NA	PNP		Yes
514	2012	14	Black	underline	Black	Black	NA	NA	PNP		Yes
514	2013	14	Black	None	Black	Black	NA	NA	PNP		Yes
514	2013	14	Black	underline	Black	Black	NA	NA	PNP		Yes
518	2010	18	Black	None	Black	Black	None	None	Socal		Yes
518	2011	18	Black	None	Black	Black	None	None	Socal		Yes
518	2012	18	Black	None	Black	No tag	None	None	Socal		Yes
518	2013	18	Black	None	Black	No tag	None	None	Socal		Yes
525	2010	25	Black	underline	Black	Black	NA	NA	PNP		Yes
525	2011	25	Black	underline	Black	Black	NA	NA	PNP		Yes
525	2012	25	Black	underline	Black	Black	NA	NA	PNP		Yes
525	2012	25	Black	None	Black	Black	NA	NA	PNP		Yes
525	2013	25	Black	None	Black	Black	NA	NA	PNP		Yes
526	2009	26	Black	None	Black	No tag	VHF	None	Socal		Yes
526	2010	26	Black	None	No tag	Black	None	GPS	Socal		Yes
526	2011	26	Black	None	No tag	Black	None	GPS	Socal		Yes
526	2012	26	Black	None	No tag	Black	None	GPS	Socal		Yes
526	2013	26	Black	None	No tag	Black	None	GPS	Socal		Yes
532	2010	32	Black	None	Black	Black	None	None	Socal		Yes
534	2010	34	Black	underline	Black	No tag	NA	NA	PNP		Yes
534	2011	34	Black	underline	Black	No tag	NA	NA	PNP		Yes
534	2012	34	Black	underline	Black	No tag	NA	NA	PNP		Yes
534	2012	34	Black	None	No tag	Black	NA	NA	PNP		Yes
534	2013	34	Black	None	No tag	Black	NA	NA	PNP		Yes
536	2010	36	Black	None	Black	No tag	None	None	Socal		Yes
536	2011	36	Black	None	Black	No tag	None	None	Socal		Yes
536	2012	36	Black	None	Black	No tag	None	None	Socal		Yes
536	2013	36	Black	None	Black	No tag	None	None	Socal		Yes
538	2009	38	Black	None	No tag	Black	NA	NA	VWS		Yes
538	2010	38	Black	None	No tag	Black	NA	NA	VWS		Yes
538	2011	38	Black	None	No tag	Black	NA	NA	VWS		Yes
538	2012	38	Black	None	No tag	Black	NA	NA	VWS		Yes
538	2013	38	Black	None	No tag	Black	NA	NA	VWS		Yes
542	2010	42	Black	None	Black	No tag	None	None	Socal		Yes
542	2011	42	Black	None	Black	No tag	None	None	Socal		Yes
542	2012	42	Black	None	Black	No tag	None	None	Socal		Yes
542	2013	42	Black	None	Black	No tag	None	None	Socal		Yes
543	2010	43	Black	underline	Black	Black	NA	NA	PNP		Yes
543	2011	43	Black	underline	Black	Black	NA	NA	PNP		Yes
543	2012	43	Black	underline	Black	Black	NA	NA	PNP		Yes
543	2012	43	Black	None	Black	Black	NA	NA	PNP		Yes
543	2013	43	Black	underline	Black	Black	NA	NA	PNP		Yes
543	2013	43	Black	None	Black	Black	NA	NA	PNP		Yes
547	2010	47	Black	underline	Black	Black	NA	NA	PNP		Yes
547	2011	47	Black	underline	Black	Black	NA	NA	PNP		Yes
547	2012	47	Black	underline	Black	Black	NA	NA	PNP		Yes
547	2012	47	Black	None	Black	Black	NA	NA	PNP		Yes
547	2013	47	Black	None	Black	Black	NA	NA	PNP		Yes
550	2010	50	Black	None	Black	Black	NA	NA	PNP		Yes
550	2011	50	Black	None	Black	Black	NA	NA	PNP		Yes
559	2010	59	Black	None	Black	Black	NA	NA	VWS	Hatched in wild	Yes
559	2011	59	Black	None	Black	Black	NA	NA	VWS		Yes
559	2012	59	Black	None	Black	Black	NA	NA	VWS		Yes
559	2013	59	Black	None	Black	Black	NA	NA	VWS		Yes
560	2010	60	Black	None	No tag	Black	None	None	Socal		Yes
560	2011	60	Black	None	No tag	Black	None	GPS	Socal		Yes
560	2012	60	Black	None	No tag	Black	None	GPS	Socal		Yes
560	2013	60	Black	None	No tag	Black	None	GPS	Socal		Yes
563	2011	63	Black	None	Black	No tag	None	None	Socal		Yes
563	2012	63	Black	None	Black	No tag	None	None	Socal		Yes
563	2013	63	Black	None	Black	No tag	None	None	Socal		Yes
564	2011	64	Black	None	Black	Black	NA	NA	PNP		Yes
564	2012	64	Black	None	Black	Black	NA	NA	PNP		Yes
564	2013	64	Black	None	Black	Black	NA	NA	PNP		Yes
566	2010	66	Black	None	Black	No tag	NA	NA	VWS	Hatched in wild	Yes
566	2011	66	Black	None	Black	No tag	NA	NA	VWS		Yes
566	2012	66	Black	None	Black	No tag	NA	NA	VWS		Yes
566	2013	66	Black	None	Black	No tag	NA	NA	VWS		Yes
567	2010	67	Black	None	Black	Black	NA	NA	VWS	Hatched in wild	Yes
567	2011	67	Black	None	Black	Black	NA	NA	VWS		Yes
567	2012	67	Black	None	Black	Black	NA	NA	VWS		Yes
567	2013	67	Black	None	Black	Black	NA	NA	VWS		Yes
568	2011	68	Black	None	No tag	Black	None	None	Socal		Yes
568	2012	68	Black	None	No tag	Black	None	None	Socal		Yes
568	2013	68	Black	None	No tag	Black	None	None	Socal		Yes
569	2010	69	Black	None	No tag	Black	NA	NA	VWS	Hatched in wild	Yes
569	2011	69	Black	None	No tag	Black	NA	NA	VWS		Yes
569	2012	69	Black	None	No tag	Black	NA	NA	VWS		Yes
569	2013	69	Black	None	No tag	Black	NA	NA	VWS		Yes
570	2011	70	Black	None	No tag	Black	None	None	Socal	same tag as 670, but 670 now dead and likely didn't show at feeding stations prior to this per Jbrandt.. 670 deleted from this table	Yes
570	2012	70	Black	None	No tag	Black	None	None	Socal	same tag as 670, but 670 now dead and likely didn't show at feeding stations prior to this per Jbrandt.. 670 deleted from this table	Yes
570	2013	70	Black	None	No tag	Black	None	None	Socal	same tag as 670, but 670 now dead and likely didn't show at feeding stations prior to this per Jbrandt.. 670 deleted from this table	Yes
574	2010	74	Black	None	No tag	Black	NA	NA	VWS	Hatched in wild	Yes
574	2011	74	Black	None	No tag	Black	NA	NA	VWS		Yes
574	2012	74	Black	None	No tag	Black	NA	NA	VWS		Yes
574	2013	74	Black	None	No tag	Black	NA	NA	VWS		Yes
576	2011	76	Black	None	Black	No tag	None	None	Socal		Yes
576	2012	76	Black	None	Black	No tag	None	None	Socal		Yes
576	2013	76	Black	None	Black	No tag	None	None	Socal		Yes
583	2010	83	Black	None	Black	No tag	NA	NA	VWS	Hatched in wild	Yes
583	2011	83	Black	None	Black	No tag	NA	NA	VWS		Yes
583	2012	83	Black	None	Black	No tag	NA	NA	VWS		Yes
583	2013	83	Black	None	Black	No tag	NA	NA	VWS		Yes
584	2011	84	Black	None	Black	No tag	GPS	None	Socal		Yes
584	2012	84	Black	None	Black	No tag	GPS	None	Socal		Yes
584	2013	84	Black	None	Black	No tag	GPS	None	Socal		Yes
585	2011	85	Black	None	No tag	Black	None	None	Socal		Yes
585	2012	85	Black	None	No tag	Black	None	None	Socal		Yes
585	2013	85	Black	None	No tag	Black	None	None	Socal		Yes
588	2011	88	Black	None	Black	Black	NA	NA	PNP		Yes
588	2012	88	Black	None	Black	Black	NA	NA	PNP		Yes
589	2011	89	Black	None	Black	Black	NA	NA	PNP		Yes
589	2012	89	Black	None	Black	Black	NA	NA	PNP		Yes
589	2013	89	Black	None	Black	Black	NA	NA	PNP		Yes
590	2012	90	Black	None	No tag	Black	None	None	Socal		Yes
590	2013	90	Black	None	No tag	Black	None	None	Socal		Yes
591	2012	91	Black	None	No tag	Black	None	None	Socal		Yes
591	2013	91	Black	None	No tag	Black	None	None	Socal		Yes
594	2012	94	Black	None	No tag	Black	None	None	Socal	Same tag as 694, but 694 just fledged in 2013 so likely no photos of per Jbrandt.. 694 not included in table	Yes
594	2013	94	Black	None	No tag	Black	None	None	Socal	Same tag as 694, but 694 just fledged in 2013 so likely no photos of per Jbrandt.. 694 not included in table	Yes
596	2012	96	Blue	None	Blue	No tag	None	None	Socal		Yes
596	2013	96	Blue	None	Blue	No tag	None	None	Socal		Yes
597	2013	97	Black	None	No tag	Black	NA	NA	VWS	Released 3/14/13	Yes
598	2011	98	Black	None	Black	No tag	NA	NA	PNP		Yes
598	2012	98	Black	None	Black	No tag	NA	NA	PNP		Yes
599	2011	99	Black	None	Black	No tag	None	None	Socal		Yes
599	2012	99	Black	None	Black	No tag	None	None	Socal		Yes
599	2013	99	Black	None	Black	No tag	None	None	Socal		Yes
602	2013	2	Black	1 dot	No tag	Black	NA	NA	PNP		Yes
604	2012	4	Purple	None	No tag	Purple	None	None	Socal		Yes
604	2013	4	Purple	None	No tag	Purple	None	None	Socal		Yes
606	2013	6	Black	1 dot	NA	NA	NA	NA	PNP	Released 1/29/13	Yes
615	2012	15	Purple	None	Purple	Purple	NA	NA	VWS	Released 11/30/12	Yes
615	2013	15	Purple	None	Purple	Purple	NA	NA	VWS	Released 11/30/12	Yes
616	2011	16	Black	None	Black	No tag	None	None	Socal		Yes
616	2012	16	Purple	None	Purple	No tag	None	None	Socal		Yes
616	2013	16	Purple	None	Purple	No tag	None	None	Socal		Yes
625	2012	25	Purple	None	Purple	No tag	None	None	Socal		Yes
625	2013	25	Purple	None	Purple	No tag	None	None	Socal		Yes
626	2013	26	Black	1 dot	Black	No tag	NA	NA	PNP		Yes
627	2011	27	Black	None	Black	No tag	None	None	Socal		Yes
627	2012	27	Purple	None	Purple	No tag	None	None	Socal		Yes
627	2013	27	Purple	None	Purple	No tag	None	None	Socal		Yes
630	2011	30	Black	None	Black	No tag	None	None	Socal		Yes
630	2012	30	Purple	None	Purple	No tag	None	None	Socal		Yes
630	2013	30	Purple	None	Purple	No tag	None	None	Socal		Yes
631	2013	31	Purple	None	NA	NA	NA	NA	VWS	not released until 2014	Yes
644	2012	44	Purple	NA	NA	NA	NA	NA	VWS		Yes
644	2012	44	Black	NA	NA	NA	NA	NA	VWS		Yes
646	2013	46	Purple	None	NA	NA	NA	NA	VWS	not released until 2014	Yes
648	2012	48	Black	None	No tag	Black	None	None	Socal		Yes
648	2013	48	Black	None	No tag	Black	None	None	Socal		Yes
650	2013	50	Purple	None	NA	NA	NA	NA	VWS	not released until 2014	Yes
652	2013	52	Purple	None	NA	NA	NA	NA	VWS	not released until 2014	Yes
654	2012	54	Black	None	No tag	Black	None	None	Socal		Yes
654	2013	54	Black	None	No tag	Black	None	None	Socal		Yes
658	2012	58	Black	None	No tag	Black	None	None	Socal		Yes
658	2013	58	Black	None	No tag	Black	None	None	Socal		Yes
663	2012	63	Purple	None	No tag	Purple	NA	NA	VWS	Hatched in wild in 2012	Yes
663	2013	63	Purple	None	No tag	Purple	NA	NA	VWS	Hatched in wild in 2012	Yes
664	2012	3	Purple	None	NA	NA	NA	NA	VWS	Hatched in wild in 2012	Yes
664	2012	64	Purple	None	Purple	No tag	NA	NA	VWS	Hatched in wild in 2012	Yes
664	2013	64	Purple	None	Purple	No tag	NA	NA	VWS	Hatched in wild in 2012	Yes
665	2012	blank	Yellow	None	Yellow	No tag	NA	NA	VWS	Hatched in wild in 2012	Yes
665	2013	blank	Yellow	None	Yellow	No tag	NA	NA	VWS	Hatched in wild in 2012	Yes
